Verdict,positive votes,negative votes,positive probs,negative probsPF3D7_0104000.1,-1,0,6,[0.00011570333, 0.00023451405, 0.0024020085, 0.00013413411, 0.00014853424, 0.0021420952],[0.99988425, 0.99976546, 0.99759799, 0.99986589, 0.99985147, 0.99785787]
PF3D7_1216500.1,-1,0,6,[6.5102036e-08, 3.1818622e-08, 4.2941215e-06, 7.1022099e-10, 6.1825552e-11, 9.9325734e-07],[0.99999988, 1.0, 0.99999571, 1.0, 1.0, 0.99999905]
PF3D7_0629300.1,-1,0,6,[2.2063011e-06, 2.1502572e-06, 5.3529038e-05, 7.4323833e-07, 1.0461749e-05, 3.1139277e-06],[0.99999774, 0.99999785, 0.99994648, 0.99999928, 0.99998951, 0.9999969]
PF3D7_0202000.1,-1,0,6,[0.0, 0.0, 0.0, 0.0, 0.0, 0.0],[1.0, 1.0, 1.0, 1.0, 1.0, 1.0]
PF3D7_1035700.1,-1,0,6,[6.2604612e-14, 9.8622825e-18, 8.5441154e-11, 1.3771665e-19, 4.0696875e-19, 1.6021648e-22],[1.0, 1.0, 1.0, 1.0, 1.0, 1.0]
PF3D7_1033200.1,-1,0,6,[7.9495377e-35, 5.567375e-05, 7.4849086e-05, 1.499917e-32, 4.9918554e-29, 6.7433968e-11],[1.0, 0.99994433, 0.99992514, 1.0, 1.0, 1.0]
PF3D7_1040100.1,-1,0,6,[7.3617866e-06, 6.7434194e-06, 0.00012517281, 1.0350207e-05, 1.384281e-05, 1.1310965e-05],[0.99999261, 0.99999321, 0.99987483, 0.99998963, 0.99998617, 0.99998868]
PF3D7_1253700.1,-1,0,6,[6.1374872e-06, 8.6853163e-07, 5.6165307e-05, 5.930955e-06, 1.7734186e-05, 4.2259599e-06],[0.99999392, 0.99999917, 0.99994385, 0.99999404, 0.99998224, 0.99999583]
PF3D7_0324500.1,-1,0,6,[4.6859423e-06, 1.163961e-05, 7.2468392e-05, 3.6247543e-06, 1.0908693e-05, 6.9855337e-06],[0.99999535, 0.99998832, 0.99992752, 0.99999642, 0.99998903, 0.99999297]
PF3D7_0406200.1,-1,0,6,[0.0, 0.0, 0.0, 0.0, 0.0, 0.0],[1.0, 1.0, 1.0, 1.0, 1.0, 1.0]
PF3D7_1001400.1,-1,0,6,[8.0852338e-09, 8.1952544e-12, 8.4258244e-07, 3.6741181e-08, 2.8079202e-07, 2.1686457e-08],[1.0, 1.0, 0.99999917, 1.0, 0.99999976, 1.0]
PF3D7_1407000.1,-1,0,6,[2.0298012e-06, 4.8139487e-08, 9.2329428e-05, 1.2618338e-07, 7.2534826e-06, 7.1533674e-07],[0.99999797, 1.0, 0.99990761, 0.99999988, 0.99999273, 0.99999928]
PF3D7_1200300.1,-1,0,6,[2.8352665e-06, 1.6086025e-06, 7.5244119e-05, 4.1083658e-06, 7.8747025e-06, 3.9737224e-06],[0.99999714, 0.99999845, 0.99992478, 0.99999595, 0.99999213, 0.99999607]
PF3D7_1244500.1,-1,0,6,[0.0005642777, 0.025424713, 0.0037888307, 0.0016625031, 0.01835659, 0.010692174],[0.99943572, 0.97457528, 0.99621117, 0.99833751, 0.98164338, 0.98930782]
PF3D7_0401800.1,-1,0,6,[5.9747697e-35, 6.6495674e-27, 1.4518573e-17, 0.0, 1.1121864e-36, 4.9500995e-29],[1.0, 1.0, 1.0, 1.0, 1.0, 1.0]
PF3D7_1222300.1,-1,0,6,[3.8196084e-32, 2.4403109e-20, 0.01395823, 6.026879e-17, 1.2226207e-22, 6.1615704e-17],[1.0, 1.0, 0.98604172, 1.0, 1.0, 1.0]
PF3D7_0612800.1,-1,0,6,[5.3521635e-06, 6.4898245e-06, 0.014204067, 9.0203358e-08, 1.854605e-05, 4.0705138e-05],[0.99999464, 0.99999356, 0.98579597, 0.99999988, 0.9999814, 0.99995935]
PF3D7_0405900.1,-1,0,6,[7.126762e-20, 1.1251514e-27, 1.2074722e-13, 2.7646179e-31, 4.6108273e-24, 4.2789151e-33],[1.0, 1.0, 1.0, 1.0, 1.0, 1.0]
PF3D7_0617600.1,-1,0,6,[0.00014954849, 5.0847819e-05, 0.0015420179, 0.0001706816, 0.00037467593, 0.0012576658],[0.99985039, 0.9999491, 0.99845803, 0.99982929, 0.99962533, 0.9987424]
PF3D7_1468500.1,-1,0,6,[4.3021409e-10, 4.2020685e-16, 8.0300597e-05, 1.9412917e-10, 1.6445851e-07, 1.6917633e-09],[1.0, 1.0, 0.99991965, 1.0, 0.99999988, 1.0]
PF3D7_0631100.1,-1,0,6,[2.720805e-06, 2.0405986e-08, 0.00014345684, 3.1858338e-08, 9.8165483e-06, 2.2894953e-06],[0.99999726, 1.0, 0.99985647, 1.0, 0.99999022, 0.99999774]
PF3D7_0220500.1,-1,0,6,[8.1285641e-08, 1.7261341e-09, 1.3006843e-05, 9.1229668e-10, 1.8940794e-07, 3.1113066e-06],[0.99999988, 1.0, 0.99998701, 1.0, 0.99999976, 0.9999969]
PF3D7_1254000.1,-1,0,6,[3.6569269e-05, 1.790709e-05, 0.00011804464, 4.5615801e-05, 5.9233222e-05, 3.4635541e-05],[0.9999634, 0.99998212, 0.99988198, 0.99995434, 0.99994075, 0.99996531]
PF3D7_1041000.1,-1,0,6,[2.9085715e-05, 9.6118192e-06, 0.0001670599, 2.5736528e-05, 4.8632148e-05, 1.9241144e-05],[0.99997091, 0.99999034, 0.99983287, 0.99997425, 0.99995136, 0.99998081]
PF3D7_1479800.1,-1,0,6,[2.1335766e-06, 4.4294975e-06, 9.4987336e-05, 3.888284e-06, 5.6358062e-06, 6.9791413e-06],[0.99999785, 0.99999559, 0.99990499, 0.99999607, 0.9999944, 0.99999297]
PF3D7_0632000.1,-1,0,6,[3.3181906e-05, 1.6144984e-05, 0.00018760144, 5.4519671e-05, 7.5271899e-05, 3.3247659e-05],[0.99996686, 0.99998391, 0.99981242, 0.99994552, 0.99992478, 0.99996674]
PF3D7_1300900.1,-1,0,6,[0.00010442203, 6.6907701e-06, 0.00048009356, 6.1068167e-05, 0.00017002261, 0.00038131719],[0.99989557, 0.99999332, 0.99951994, 0.99993896, 0.99983001, 0.99961865]
PF3D7_0911300.1,-1,0,6,[0.00039078959, 3.4341971e-05, 0.00091345143, 0.00037567862, 0.00020234637, 0.0002977344],[0.99960929, 0.99996567, 0.9990865, 0.99962425, 0.99979764, 0.99970227]
PF3D7_0917900.1,-1,0,6,[0.0, 0.0, 0.0, 0.0, 0.0, 0.0],[1.0, 1.0, 1.0, 1.0, 1.0, 1.0]
PF3D7_0901100.1,-1,0,6,[8.9210362e-06, 2.0698474e-06, 5.7116795e-05, 1.0934159e-05, 2.8068009e-05, 1.052359e-05],[0.99999106, 0.99999797, 0.9999429, 0.99998903, 0.99997199, 0.99998951]
PF3D7_0207500.1,-1,0,6,[3.7167765e-11, 1.5009144e-15, 1.7646274e-08, 9.7918269e-14, 2.6598121e-09, 2.4480804e-14],[1.0, 1.0, 1.0, 1.0, 1.0, 1.0]
PF3D7_0401600.2,-1,0,6,[1.9699878e-24, 0.0, 1.0453699e-26, 2.1537519e-16, 7.8429361e-28, 1.2323509e-37],[1.0, 1.0, 1.0, 1.0, 1.0, 1.0]
PF3D7_0401600.1,-1,0,6,[1.5753035e-24, 0.0, 1.1858071e-26, 1.8892364e-16, 5.3200319e-28, 9.8494747e-38],[1.0, 1.0, 1.0, 1.0, 1.0, 1.0]
PF3D7_1400700.1,-1,0,6,[1.4058118e-05, 3.2444507e-06, 0.00012817541, 4.5093635e-05, 4.9854923e-05, 2.3909961e-05],[0.99998593, 0.99999678, 0.99987185, 0.99995494, 0.99995017, 0.99997604]
PF3D7_1136900.1,-1,0,6,[2.9906889e-05, 1.9186231e-05, 0.00012910938, 3.4938388e-05, 0.0001839122, 0.0006166356],[0.99997008, 0.99998081, 0.9998709, 0.99996507, 0.99981612, 0.99938333]
PF3D7_1334400.1,-1,0,6,[2.7404637e-06, 4.4047141e-07, 0.00010002661, 1.4503343e-06, 1.6697874e-06, 1.3701646e-05],[0.99999726, 0.99999952, 0.99989998, 0.99999857, 0.99999833, 0.99998629]
PF3D7_0315200.1,-1,0,6,[8.2814491e-05, 0.00021940292, 0.00040289736, 6.6581269e-05, 5.5650446e-05, 0.00013844747],[0.99991715, 0.9997806, 0.99959713, 0.99993336, 0.99994433, 0.99986148]
PF3D7_0902200.1,-1,0,6,[2.1484023e-08, 3.5282847e-13, 2.9564245e-07, 1.7967742e-11, 5.0851612e-09, 5.3763733e-07],[1.0, 1.0, 0.99999976, 1.0, 1.0, 0.9999994]
PF3D7_0731500.1,-1,0,6,[2.2632767e-09, 9.4205568e-13, 6.0644599e-13, 4.1298985e-19, 5.1014664e-15, 5.3072805e-21],[1.0, 1.0, 1.0, 1.0, 1.0, 1.0]
PF3D7_1022300.1,-1,2,4,[0.99903429, 0.0038279244, 0.60336894, 0.0057789944, 0.0077635399, 0.23742086],[0.00096577755, 0.99617213, 0.39663109, 0.99422109, 0.99223644, 0.76257908]
PF3D7_0324800.1,-1,0,6,[4.241199e-05, 1.4486792e-05, 0.00043341474, 7.6866476e-05, 0.00022245136, 4.9585324e-05],[0.99995756, 0.99998546, 0.99956661, 0.99992311, 0.99977762, 0.99995041]
PF3D7_0812300.1,-1,0,6,[6.7102919e-06, 8.2986141e-08, 0.00012693404, 1.7411061e-06, 5.0047653e-05, 1.9320444e-06],[0.99999332, 0.99999988, 0.99987304, 0.99999821, 0.99994993, 0.99999809]
PF3D7_0722200.1,-1,0,6,[0.0, 0.0, 5.9060112e-37, 0.0, 0.0, 0.0],[1.0, 1.0, 1.0, 1.0, 1.0, 1.0]
PF3D7_1478100.1,-1,0,6,[3.644682e-06, 0.00074190984, 0.00059622031, 5.3927506e-05, 2.8093525e-06, 0.00049859576],[0.9999963, 0.9992581, 0.99940383, 0.99994612, 0.99999714, 0.99950135]
PF3D7_0827900.1,-1,0,6,[0.0, 0.0, 9.6347669e-13, 3.6487226e-36, 0.0, 0.0],[1.0, 1.0, 1.0, 1.0, 1.0, 1.0]
PF3D7_0929400.1,-1,0,6,[0.0, 0.0, 6.7138053e-25, 0.0, 0.0, 0.0],[1.0, 1.0, 1.0, 1.0, 1.0, 1.0]
PF3D7_1401200.1,-1,1,5,[1.336781e-05, 0.028100407, 0.69662303, 0.1131108, 2.0105011e-10, 0.068868585],[0.99998665, 0.97189957, 0.30337697, 0.88688922, 1.0, 0.93113148]
PF3D7_1240100.1,-1,0,6,[5.2681431e-12, 9.7404056e-16, 1.1123352e-13, 1.9817803e-20, 1.0069346e-18, 3.2742799e-19],[1.0, 1.0, 1.0, 1.0, 1.0, 1.0]
PF3D7_1345100.1,-1,0,6,[0.25383216, 0.031934328, 0.0031589319, 0.070495673, 4.9340952e-07, 3.4064055e-06],[0.74616778, 0.96806562, 0.99684107, 0.92950428, 0.99999952, 0.99999654]
PF3D7_1404300.1,-1,0,6,[0.00033785653, 0.00046636039, 0.00069682213, 0.00017921344, 0.00032202055, 0.00029078673],[0.99966216, 0.99953365, 0.99930322, 0.99982077, 0.99967802, 0.99970919]
PF3D7_1300500.1,-1,0,6,[3.8081325e-06, 9.9419549e-07, 4.4080814e-05, 2.2535078e-06, 1.106827e-05, 5.4683273e-06],[0.99999619, 0.99999905, 0.99995589, 0.99999774, 0.99998891, 0.99999452]
PF3D7_0313100.1,-1,1,5,[6.7486042e-07, 0.15283336, 0.93855035, 0.011392231, 1.0658858e-06, 0.090102218],[0.99999928, 0.8471666, 0.061449669, 0.98860776, 0.99999893, 0.9098978]
PF3D7_0424000.1,-1,0,6,[3.5377685e-23, 3.6509977e-33, 4.0320406e-21, 2.2261969e-19, 8.0031687e-23, 6.4791906e-29],[1.0, 1.0, 1.0, 1.0, 1.0, 1.0]
PF3D7_1001000.1,-1,0,6,[2.0368535e-16, 2.4580573e-24, 5.1456939e-16, 1.8490937e-13, 3.4232689e-20, 3.2844662e-17],[1.0, 1.0, 1.0, 1.0, 1.0, 1.0]
PF3D7_0702000.1,-1,0,6,[1.2366658e-20, 1.2693504e-17, 1.7104041e-19, 5.2775369e-23, 9.8637673e-22, 4.9726482e-26],[1.0, 1.0, 1.0, 1.0, 1.0, 1.0]
PF3D7_0819400.1,-1,0,6,[2.1877397e-06, 5.550753e-07, 8.038112e-05, 2.0277214e-06, 4.9092318e-06, 3.7600103e-06],[0.99999785, 0.9999994, 0.99991965, 0.99999797, 0.99999511, 0.99999619]
PF3D7_0114800.1,-1,0,6,[2.8764571e-06, 0.00037230586, 0.0004526499, 4.1521148e-06, 1.8994e-05, 0.00022250034],[0.99999714, 0.99962771, 0.9995473, 0.99999583, 0.99998105, 0.9997775]
PF3D7_0400900.1,-1,0,6,[8.5205002e-06, 6.7452843e-06, 0.00011129263, 9.1318507e-06, 1.9678406e-05, 1.3055421e-05],[0.99999154, 0.99999321, 0.99988866, 0.99999082, 0.99998033, 0.99998689]
PF3D7_0404700.1,-1,0,6,[2.8571889e-09, 1.8670874e-12, 2.0624373e-07, 1.2028083e-13, 4.7341198e-12, 2.0639091e-15],[1.0, 1.0, 0.99999976, 1.0, 1.0, 1.0]
PF3D7_0115300.1,-1,0,6,[1.8516344e-06, 5.8708991e-07, 4.5467539e-05, 1.7995691e-06, 5.6020685e-06, 3.3351405e-06],[0.99999809, 0.9999994, 0.99995458, 0.99999821, 0.9999944, 0.99999666]
PF3D7_0530750.1,-1,1,5,[0.22776096, 0.013314005, 0.8719278, 0.00094800419, 0.10615427, 0.22317979],[0.77223903, 0.98668599, 0.12807223, 0.99905199, 0.89384574, 0.77682018]
PF3D7_0900500.1,-1,0,6,[1.808737e-05, 7.088016e-05, 0.00019545, 1.4687613e-05, 3.4156939e-05, 5.5957826e-05],[0.99998188, 0.99992907, 0.99980456, 0.99998534, 0.99996579, 0.99994409]
PF3D7_0732300.1,-1,0,6,[2.666754e-05, 9.7833235e-06, 0.00021381292, 4.1037838e-05, 8.2597762e-05, 2.3784742e-05],[0.9999733, 0.99999022, 0.9997862, 0.99995899, 0.99991739, 0.99997616]
PF3D7_0200600.1,-1,0,6,[7.3586839e-06, 3.1867019e-06, 8.5375315e-05, 3.9403326e-06, 8.9577115e-06, 9.2570963e-06],[0.99999261, 0.99999678, 0.99991465, 0.99999607, 0.99999106, 0.9999907]
PF3D7_1031000.1,-1,0,6,[1.1654339e-07, 2.406241e-10, 4.6230398e-05, 1.3892091e-09, 2.1548583e-07, 1.6706015e-07],[0.99999988, 1.0, 0.99995375, 1.0, 0.99999976, 0.99999988]
PF3D7_0829600.1,-1,0,6,[5.8948764e-05, 0.00010769222, 0.0038095359, 0.00014065477, 4.9067618e-05, 0.00025675099],[0.99994099, 0.99989235, 0.99619043, 0.99985933, 0.99995089, 0.99974328]
PF3D7_1150200.1,-1,0,6,[2.4031391e-05, 9.7637221e-06, 0.00011361011, 4.0137267e-05, 7.2711358e-05, 2.9951701e-05],[0.99997592, 0.99999022, 0.99988639, 0.99995983, 0.99992728, 0.99997008]
PF3D7_0222100.1,-1,0,6,[0.06027738, 0.0054331725, 0.0041310443, 0.0031929642, 0.0071086749, 0.0048529552],[0.93972266, 0.9945668, 0.99586898, 0.9968071, 0.99289131, 0.99514705]
PF3D7_1040400.1,-1,0,6,[2.5777303e-05, 9.8174842e-06, 0.0001773862, 2.3093071e-05, 2.7556865e-05, 2.6282392e-05],[0.99997425, 0.99999022, 0.99982268, 0.99997687, 0.99997246, 0.99997377]
PF3D7_0511600.1,-1,2,4,[0.019137047, 0.78606558, 0.01748549, 0.64494652, 0.00052611611, 0.00020275659],[0.98086298, 0.21393444, 0.98251456, 0.35505348, 0.99947387, 0.99979728]
PF3D7_1463900.1,-1,0,6,[5.3278968e-11, 2.5349574e-13, 4.2975938e-07, 2.0198629e-15, 6.2118512e-13, 2.0026625e-14],[1.0, 1.0, 0.99999952, 1.0, 1.0, 1.0]
PF3D7_0102500.1,-1,0,6,[6.4217481e-10, 1.5380589e-11, 7.7830755e-09, 3.4494854e-13, 1.8805481e-11, 9.3632339e-13],[1.0, 1.0, 1.0, 1.0, 1.0, 1.0]
PF3D7_1255000.1,-1,0,6,[1.4553912e-05, 2.1152689e-05, 0.00011606888, 1.6166076e-05, 4.3340773e-05, 1.3696957e-05],[0.99998546, 0.9999789, 0.99988389, 0.99998379, 0.99995661, 0.99998629]
PF3D7_1322000.1,0,3,3,[0.97860742, 0.45123467, 0.93919343, 0.099333964, 0.1228222, 0.54058993],[0.021392616, 0.54876536, 0.060806561, 0.90066606, 0.87717777, 0.45941007]
PF3D7_1456800.1,-1,0,6,[2.470386e-20, 8.3373554e-31, 6.7132265e-22, 1.3231343e-21, 1.3983946e-27, 3.7468479e-23],[1.0, 1.0, 1.0, 1.0, 1.0, 1.0]
PF3D7_1040200.1,-1,0,6,[2.3378456e-07, 1.9669852e-08, 3.6054633e-05, 2.9154009e-07, 2.5197176e-06, 2.4272413e-06],[0.99999976, 1.0, 0.999964, 0.99999976, 0.9999975, 0.99999762]
PF3D7_0617700.1,-1,0,6,[2.286931e-05, 1.1118915e-06, 0.00016284319, 8.1596045e-06, 3.3409564e-05, 1.1587192e-05],[0.99997711, 0.99999893, 0.99983716, 0.99999189, 0.99996662, 0.99998844]
PF3D7_0900900.1,-1,0,6,[0.00013535081, 5.9796448e-06, 0.00036680751, 0.00027778509, 0.00019467408, 0.00012116476],[0.99986458, 0.99999404, 0.99963319, 0.99972218, 0.99980539, 0.99987876]
PF3D7_0632400.1,-1,0,6,[1.3693312e-05, 7.9317797e-06, 9.9843637e-05, 2.2733753e-05, 2.8175789e-05, 2.5410849e-05],[0.99998629, 0.99999201, 0.9999001, 0.99997723, 0.99997187, 0.99997461]
PF3D7_0833200.1,-1,0,6,[2.3117516e-06, 2.8341265e-07, 4.374313e-05, 7.3761402e-07, 1.5035484e-05, 1.7495514e-06],[0.99999774, 0.99999976, 0.99995625, 0.99999928, 0.99998498, 0.99999821]
PF3D7_1228600.1,-1,0,6,[0.0, 0.0, 0.0, 0.0, 0.0, 0.0],[1.0, 1.0, 1.0, 1.0, 1.0, 1.0]
PF3D7_0324200.1,-1,0,6,[0.00089820602, 0.0011843877, 0.0012378661, 0.0010723619, 0.0014629121, 0.00081366935],[0.99910188, 0.99881566, 0.99876213, 0.99892765, 0.99853706, 0.99918634]
PF3D7_0423700.1,-1,0,6,[0.0, 0.0, 0.0, 0.0, 0.0, 0.0],[1.0, 1.0, 1.0, 1.0, 1.0, 1.0]
PF3D7_0300500.1,-1,0,6,[2.4379892e-06, 5.3120658e-07, 2.6961305e-05, 8.4987147e-07, 6.4578994e-06, 2.8378879e-06],[0.99999762, 0.99999952, 0.99997306, 0.99999917, 0.99999356, 0.99999714]
PF3D7_0500500.1,-1,0,6,[2.0254995e-05, 2.0837386e-05, 0.00023830596, 1.892782e-05, 3.2999629e-05, 2.5806623e-05],[0.99997973, 0.99997914, 0.99976164, 0.99998105, 0.99996698, 0.99997425]
PF3D7_0103900.1,1,5,1,[0.73839378, 0.99999988, 0.99296463, 0.9910199, 0.33357742, 0.71138257],[0.26160625, 1.5515478e-07, 0.0070353402, 0.0089800283, 0.66642261, 0.28861746]
PF3D7_0201000.1,-1,0,6,[1.317101e-05, 1.0369493e-05, 0.00010642024, 1.2605936e-05, 2.4340738e-05, 1.6551867e-05],[0.99998689, 0.99998963, 0.99989355, 0.99998736, 0.99997568, 0.99998343]
PF3D7_0114500.1,-1,0,6,[8.6257844e-35, 2.8283377e-28, 1.3085752e-17, 2.9390036e-32, 3.6271532e-38, 8.3809136e-31],[1.0, 1.0, 1.0, 1.0, 1.0, 1.0]
PF3D7_1406300.1,-1,1,5,[0.00018726457, 0.024344932, 0.72827297, 8.781613e-05, 2.0512693e-06, 0.00023701844],[0.99981278, 0.97565508, 0.27172703, 0.99991214, 0.99999797, 0.99976295]
PF3D7_0801300.1,-1,0,6,[2.4536987e-06, 3.6218927e-07, 0.00015433687, 3.3604894e-07, 1.154107e-05, 1.4118129e-06],[0.9999975, 0.99999964, 0.99984562, 0.99999964, 0.99998844, 0.99999857]
PF3D7_0908000.1,-1,0,6,[2.3435339e-06, 7.3797229e-10, 0.00039692526, 8.102775e-08, 6.6655673e-07, 2.7582331e-07],[0.99999762, 1.0, 0.99960309, 0.99999988, 0.99999928, 0.99999976]
PF3D7_1000300.1,-1,0,6,[8.8540191e-06, 3.8453313e-06, 0.00010811778, 1.1163304e-05, 1.905267e-05, 1.1604542e-05],[0.99999118, 0.99999619, 0.99989188, 0.99998879, 0.99998093, 0.99998844]
PF3D7_1252200.1,-1,0,6,[0.00043506699, 0.00061886106, 0.0023321672, 0.00047419366, 0.0013868302, 0.0021779547],[0.99956495, 0.99938107, 0.99766785, 0.99952579, 0.99861312, 0.99782205]
PF3D7_0401400.1,-1,0,6,[1.7585159e-06, 4.8763275e-07, 7.5262491e-05, 2.7148722e-06, 7.1705163e-06, 3.7543566e-06],[0.99999821, 0.99999952, 0.99992478, 0.99999726, 0.99999285, 0.9999963]
PF3D7_1340900.1,-1,0,6,[1.8351227e-18, 2.103427e-16, 8.0671683e-08, 1.0650964e-21, 7.0582071e-19, 6.1617791e-14],[1.0, 1.0, 0.99999988, 1.0, 1.0, 1.0]
PF3D7_0508000.1,-1,0,6,[1.4888226e-11, 2.0518412e-17, 3.3464968e-08, 7.2491764e-16, 4.3442495e-15, 2.2366477e-21],[1.0, 1.0, 1.0, 1.0, 1.0, 1.0]
PF3D7_1035200.1,-1,0,6,[0.0, 0.0, 0.0, 0.0, 0.0, 0.0],[1.0, 1.0, 1.0, 1.0, 1.0, 1.0]
PF3D7_1335100.1,-1,0,6,[0.0, 0.0, 0.0, 0.0, 0.0, 0.0],[1.0, 1.0, 1.0, 1.0, 1.0, 1.0]
PF3D7_0601500.1,-1,0,6,[1.5009605e-06, 1.1905522e-08, 0.00013708064, 1.3438052e-08, 6.6916191e-06, 1.6867399e-06],[0.99999845, 1.0, 0.99986291, 1.0, 0.99999332, 0.99999833]
PF3D7_1039700.1,-1,0,6,[0.001546689, 0.0012395775, 0.0012746699, 0.00034906785, 0.00050389412, 0.0013273882],[0.99845326, 0.99876046, 0.99872535, 0.99965096, 0.9994961, 0.9986726]
PF3D7_1253400.1,-1,0,6,[0.00027270397, 0.093343951, 0.013573842, 0.0091479868, 0.032204133, 0.007367936],[0.99972731, 0.90665603, 0.98642623, 0.99085206, 0.96779591, 0.99263215]
PF3D7_1335000.1,-1,0,6,[3.3107506e-07, 6.9224662e-08, 4.3971359e-05, 1.5441582e-07, 1.5924884e-06, 7.5898009e-07],[0.99999964, 0.99999988, 0.99995601, 0.99999988, 0.99999845, 0.99999928]
PF3D7_0800800.1,-1,0,6,[0.0012039333, 0.3700268, 0.0048981998, 0.00047698716, 0.00029224419, 0.010338509],[0.99879611, 0.62997317, 0.99510181, 0.99952304, 0.99970776, 0.98966146]
PF3D7_1133400.1,-1,0,6,[2.0959923e-10, 4.2329242e-13, 2.7779388e-08, 1.4533351e-12, 4.9339105e-12, 8.4756719e-14],[1.0, 1.0, 1.0, 1.0, 1.0, 1.0]
PF3D7_1476600.1,1,5,1,[0.99974424, 0.77916497, 0.94254798, 0.11595593, 0.99519956, 0.99442226],[0.00025578955, 0.220835, 0.057452001, 0.88404411, 0.0048004217, 0.0055777137]
PF3D7_1372100.1,-1,0,6,[9.0336536e-05, 0.00017469018, 0.13182728, 1.6069471e-05, 7.4131211e-05, 0.00082471035],[0.99990964, 0.9998253, 0.86817276, 0.99998391, 0.99992585, 0.99917525]
PF3D7_1479900.1,-1,0,6,[8.0694699e-05, 4.0312475e-06, 0.00039433633, 7.4833377e-05, 0.00014972899, 7.8331301e-05],[0.9999193, 0.99999595, 0.99960572, 0.99992514, 0.99985027, 0.99992168]
PF3D7_1028700.1,-1,0,6,[1.4805062e-14, 2.0151215e-23, 2.7752321e-12, 3.8185917e-23, 7.0065894e-20, 9.655975e-25],[1.0, 1.0, 1.0, 1.0, 1.0, 1.0]
PF3D7_0112800.1,-1,0,6,[5.0144251e-07, 7.0543402e-09, 5.964013e-05, 8.5680156e-09, 3.6585976e-07, 1.3903722e-05],[0.99999952, 1.0, 0.9999404, 1.0, 0.99999964, 0.99998605]
PF3D7_1108700.1,-1,0,6,[8.4993544e-18, 8.0184725e-17, 2.6261598e-05, 4.9421535e-15, 6.7604277e-13, 1.6030006e-09],[1.0, 1.0, 0.99997377, 1.0, 1.0, 1.0]
PF3D7_1102300.1,-1,0,6,[1.1939922e-09, 3.1068725e-09, 7.2493681e-06, 3.333493e-09, 1.1177788e-07, 9.7198807e-08],[1.0, 1.0, 0.99999273, 1.0, 0.99999988, 0.99999988]
PF3D7_0323400.1,-1,0,6,[4.9035805e-07, 2.5220148e-08, 5.1589504e-06, 1.4020135e-08, 3.93287e-07, 5.3091789e-08],[0.99999952, 1.0, 0.99999487, 1.0, 0.99999964, 1.0]
PF3D7_1134100.1,-1,2,4,[0.95140743, 0.048937637, 0.65670216, 0.047604237, 0.0007898935, 0.15006676],[0.048592541, 0.95106238, 0.34329787, 0.9523958, 0.99921012, 0.84993321]
PF3D7_0324000.1,-1,0,6,[3.5836478e-05, 6.6309178e-07, 0.0002918666, 7.1177551e-06, 0.00010852952, 6.7840247e-06],[0.99996412, 0.99999928, 0.99970812, 0.99999285, 0.9998914, 0.99999321]
PF3D7_1116000.1,-1,0,6,[1.1005241e-16, 6.8533112e-23, 1.1400909e-10, 9.1036728e-25, 2.1324104e-20, 1.4123231e-26],[1.0, 1.0, 1.0, 1.0, 1.0, 1.0]
PF3D7_0900200.1,-1,0,6,[1.0949341e-06, 3.7435193e-08, 3.5107689e-05, 8.6220837e-07, 3.1099271e-06, 2.2390843e-06],[0.99999893, 1.0, 0.99996483, 0.99999917, 0.9999969, 0.99999774]
PF3D7_1200500.1,-1,0,6,[3.7898906e-06, 1.3017685e-06, 0.0029304272, 1.3998139e-06, 2.44583e-06, 7.9498299e-05],[0.99999619, 0.99999869, 0.9970696, 0.99999857, 0.9999975, 0.99992049]
PF3D7_0304600.1,-1,0,6,[0.39933357, 0.34780401, 0.41528642, 0.12285577, 0.11174922, 0.0088305157],[0.6006664, 0.65219599, 0.58471352, 0.87714422, 0.88825077, 0.99116945]
PF3D7_0732800.1,-1,0,6,[0.00019926121, 0.00044499052, 0.0020152808, 0.00041149431, 0.0036055811, 0.000172838],[0.99980074, 0.99955493, 0.99798465, 0.99958855, 0.99639446, 0.99982721]
PF3D7_0300400.1,-1,0,6,[2.4095876e-05, 1.4128433e-06, 0.00014361917, 2.0697385e-05, 4.2658045e-05, 2.4844057e-05],[0.99997592, 0.99999857, 0.99985635, 0.99997926, 0.99995732, 0.9999752]
PF3D7_1254200.1,-1,0,6,[2.3928505e-05, 2.9924599e-06, 0.00011634081, 2.9096507e-05, 3.6060406e-05, 2.8252014e-05],[0.99997604, 0.99999702, 0.99988365, 0.99997091, 0.99996388, 0.99997175]
PF3D7_0100900.1,-1,0,6,[1.6805769e-05, 4.5011998e-06, 0.00010472917, 1.3896351e-05, 3.9708357e-05, 1.9672345e-05],[0.99998319, 0.99999547, 0.99989522, 0.99998605, 0.9999603, 0.99998033]
PF3D7_1040500.1,-1,0,6,[2.5415018e-05, 2.8595348e-06, 0.00011344599, 2.9359238e-05, 4.1350853e-05, 2.5940699e-05],[0.99997461, 0.99999714, 0.99988651, 0.99997067, 0.99995863, 0.99997401]
PF3D7_0413300.1,-1,0,6,[6.2342447e-06, 2.3804666e-06, 0.00011171443, 7.1094246e-06, 1.731281e-05, 5.7560728e-06],[0.9999938, 0.99999762, 0.9998883, 0.99999285, 0.99998271, 0.99999428]
PF3D7_1472600.1,-1,0,6,[5.1583618e-07, 4.9281645e-08, 0.00060984143, 1.4774929e-07, 9.0603976e-07, 2.4128323e-05],[0.99999952, 1.0, 0.99939013, 0.99999988, 0.99999905, 0.99997592]
PF3D7_0901700.1,1,5,1,[0.28154752, 0.99901259, 0.99916422, 0.99798882, 0.80749762, 0.99490488],[0.71845245, 0.00098741753, 0.00083583069, 0.0020112293, 0.19250236, 0.0050951121]
PF3D7_0732000.1,-1,0,6,[0.000132887, 2.2993418e-06, 0.00028540663, 0.00010050266, 0.0002418048, 0.00015546384],[0.99986708, 0.99999774, 0.99971455, 0.99989951, 0.99975818, 0.99984455]
PF3D7_0401000.1,-1,0,6,[5.1162947e-06, 3.7325224e-06, 7.3735413e-05, 8.0159616e-06, 1.9340396e-05, 6.5552363e-06],[0.99999487, 0.9999963, 0.99992621, 0.99999201, 0.99998069, 0.99999344]
PF3D7_0310400.1,-1,1,5,[0.99999797, 0.010041432, 0.0010492827, 0.01321358, 0.0010674467, 2.3122931e-07],[1.9905224e-06, 0.98995858, 0.99895072, 0.98678643, 0.99893254, 0.99999976]
PF3D7_0919500.1,-1,0,6,[0.0019622901, 5.0949293e-06, 0.0034402383, 2.4755889e-05, 0.00035806879, 3.3183835e-05],[0.99803776, 0.99999487, 0.9965598, 0.9999752, 0.9996419, 0.99996686]
PF3D7_0918000.1,-1,0,6,[0.0, 0.0, 1.8565015e-31, 0.0, 1.0475447e-35, 0.0],[1.0, 1.0, 1.0, 1.0, 1.0, 1.0]
PF3D7_1200200.1,-1,0,6,[4.8557504e-06, 4.9351534e-06, 0.00015394708, 8.6881191e-06, 1.7631792e-05, 4.6683432e-05],[0.99999511, 0.99999511, 0.99984598, 0.9999913, 0.99998236, 0.99995327]
PF3D7_0532200.1,1,5,1,[0.65532291, 0.38313502, 0.90516055, 0.84947157, 0.55519623, 0.9913817],[0.34467706, 0.61686492, 0.094839454, 0.15052845, 0.44480377, 0.0086182691]
PF3D7_0207700.1,-1,0,6,[6.2498015e-12, 2.6821483e-15, 1.6077456e-05, 4.3572492e-13, 2.4655489e-11, 1.1379002e-15],[1.0, 1.0, 0.99998391, 1.0, 1.0, 1.0]
PF3D7_0221400.1,-1,0,6,[0.0057072951, 0.00047331533, 0.0027770295, 0.0050435159, 0.028350672, 0.0024960998],[0.99429274, 0.99952674, 0.99722302, 0.99495643, 0.97164929, 0.99750394]
PF3D7_0601300.1,-1,0,6,[3.3279859e-05, 6.051003e-07, 0.0002894756, 6.4916817e-06, 0.00010308756, 6.3056859e-06],[0.99996674, 0.9999994, 0.9997105, 0.99999356, 0.99989688, 0.99999368]
PF3D7_0100600.1,-1,0,6,[7.9279755e-07, 4.0309644e-07, 2.4904832e-05, 2.0820733e-07, 2.7564843e-06, 1.4206731e-06],[0.99999917, 0.99999964, 0.99997509, 0.99999976, 0.99999726, 0.99999857]
PF3D7_1400500.1,-1,0,6,[2.5731251e-05, 2.9630524e-05, 0.00020926364, 3.1334275e-05, 5.1422452e-05, 3.4558536e-05],[0.99997425, 0.99997032, 0.99979073, 0.99996865, 0.99994862, 0.99996543]
PF3D7_1300700.1,-1,0,6,[1.8743327e-05, 8.6346898e-07, 7.28542e-05, 1.286273e-05, 5.068598e-05, 1.634179e-05],[0.99998128, 0.99999917, 0.99992716, 0.99998713, 0.99994934, 0.99998367]
PF3D7_1100400.1,-1,0,6,[4.2729284e-06, 7.6264934e-07, 6.4766697e-05, 3.7478494e-06, 1.0325589e-05, 6.5125218e-06],[0.99999571, 0.99999928, 0.99993527, 0.9999963, 0.99998963, 0.99999344]
PF3D7_0104200.1,-1,0,6,[6.6276007e-05, 1.461529e-05, 3.9966766e-05, 4.1610307e-10, 1.5813974e-08, 6.6188953e-08],[0.99993372, 0.99998534, 0.99996006, 1.0, 1.0, 0.99999988]
PF3D7_0624700.1,1,6,0,[0.99999952, 0.99999785, 0.98845983, 0.99990463, 0.9957183, 0.99978334],[4.9311171e-07, 2.0993509e-06, 0.011540142, 9.5322241e-05, 0.0042816526, 0.00021670951]
PF3D7_0401300.1,-1,0,6,[1.4985711e-05, 5.2793571e-06, 0.00010875018, 1.244492e-05, 2.7079242e-05, 1.4418609e-05],[0.99998498, 0.99999475, 0.99989128, 0.9999876, 0.99997294, 0.99998558]
PF3D7_1141600.1,-1,1,5,[0.0033804816, 0.0020297351, 0.90493023, 1.6146401e-05, 2.0914693e-05, 0.010551509],[0.99661946, 0.99797028, 0.095069841, 0.99998391, 0.99997914, 0.98944855]
PF3D7_0408600.1,-1,0,6,[0.00045196913, 0.00032222507, 0.0018541586, 0.00013666692, 0.00093271432, 0.0016345163],[0.99954802, 0.99967778, 0.99814582, 0.99986327, 0.99906737, 0.99836546]
PF3D7_1471100.1,-1,0,6,[0.0, 1.2813532e-16, 6.923057e-13, 1.6583637e-10, 0.0, 4.5772717e-37],[1.0, 1.0, 1.0, 1.0, 1.0, 1.0]
PF3D7_0831700.1,-1,0,6,[0.0, 0.0, 0.0, 1.7982394e-21, 0.0, 0.0],[1.0, 1.0, 1.0, 1.0, 1.0, 1.0]
PF3D7_1371700.1,-1,0,6,[0.43222639, 0.00037428018, 0.13613859, 3.1570904e-05, 0.459176, 0.32011199],[0.56777358, 0.99962568, 0.86386138, 0.99996841, 0.54082406, 0.67988795]
PF3D7_1448400.1,-1,0,6,[0.0001427387, 0.00057998672, 0.24868473, 1.0222788e-05, 1.2438524e-05, 0.0012090569],[0.99985719, 0.99942005, 0.7513153, 0.99998975, 0.9999876, 0.99879092]
PF3D7_1301600.1,-1,0,6,[1.0269252e-08, 5.2209137e-10, 1.4410986e-08, 1.4057675e-12, 9.8923336e-10, 8.2476728e-13],[1.0, 1.0, 1.0, 1.0, 1.0, 1.0]
PF3D7_0532100.1,-1,0,6,[0.0, 0.0, 0.0, 0.0, 0.0, 0.0],[1.0, 1.0, 1.0, 1.0, 1.0, 1.0]
PF3D7_1041100.1,-1,0,6,[2.6591877e-06, 1.3823661e-06, 4.8589172e-05, 2.7941146e-06, 9.3285271e-06, 3.2125779e-06],[0.99999738, 0.99999857, 0.99995136, 0.99999726, 0.9999907, 0.99999678]
PF3D7_0404900.1,-1,0,6,[1.8293689e-12, 1.5736265e-18, 1.7648973e-07, 6.5521984e-19, 1.7427923e-15, 4.7432704e-18],[1.0, 1.0, 0.99999988, 1.0, 1.0, 1.0]
PF3D7_0102700.1,-1,0,6,[2.6489486e-08, 1.6643599e-09, 6.2364447e-06, 4.2699644e-10, 6.7719562e-08, 1.1593038e-07],[1.0, 1.0, 0.9999938, 1.0, 0.99999988, 0.99999988]
PF3D7_1301700.1,-1,0,6,[0.0, 0.0, 0.0, 0.0, 0.0, 0.0],[1.0, 1.0, 1.0, 1.0, 1.0, 1.0]
PF3D7_0522600.1,-1,0,6,[0.0010571681, 7.8326673e-05, 0.0042678369, 5.1802515e-05, 9.0378826e-06, 7.437357e-06],[0.99894279, 0.99992168, 0.99573213, 0.99994814, 0.99999094, 0.99999261]
PF3D7_1364100.1,-1,0,6,[0.12766415, 0.00063635671, 0.027079728, 0.013811227, 0.00025756672, 0.0021762652],[0.87233579, 0.9993636, 0.97292024, 0.98618871, 0.99974245, 0.99782372]
PF3D7_0600600.1,-1,0,6,[0.00010431474, 0.00046682428, 0.0030943688, 0.00026300625, 0.0009688345, 0.00010023428],[0.99989569, 0.99953318, 0.99690562, 0.99973696, 0.99903119, 0.99989974]
PF3D7_1040000.1,-1,0,6,[9.7234961e-06, 1.0392245e-06, 9.9403231e-05, 5.8756209e-06, 3.5926852e-05, 8.6261671e-06],[0.99999022, 0.99999893, 0.99990058, 0.99999416, 0.99996412, 0.99999142]
PF3D7_1404900.1,-1,0,6,[6.6733087e-25, 9.116633e-18, 2.3124056e-13, 1.5416197e-17, 4.9568381e-32, 7.6758345e-25],[1.0, 1.0, 1.0, 1.0, 1.0, 1.0]
PF3D7_0408700.1,-1,0,6,[0.0066436017, 0.0049000974, 0.0047542364, 0.0024350884, 0.050626114, 0.0071146749],[0.99335641, 0.99509996, 0.99524575, 0.99756491, 0.9493739, 0.99288529]
PF3D7_1334500.1,-1,1,5,[0.99999988, 0.0083043976, 0.2404038, 0.12460802, 1.5644471e-08, 0.044297561],[7.4140409e-08, 0.99169558, 0.75959617, 0.87539196, 1.0, 0.95570242]
PF3D7_1001500.1,-1,0,6,[0.0, 0.0, 0.0, 0.0, 0.0, 0.0],[1.0, 1.0, 1.0, 1.0, 1.0, 1.0]
PF3D7_0901400.1,-1,0,6,[4.6983732e-06, 1.0631529e-06, 7.5154196e-05, 4.8624743e-06, 1.8939196e-05, 5.319403e-06],[0.99999535, 0.99999893, 0.9999249, 0.99999511, 0.99998105, 0.99999464]
PF3D7_0402100.1,-1,0,6,[3.5647929e-09, 7.47354e-13, 1.5564526e-08, 4.84387e-13, 1.3884436e-09, 5.0646884e-13],[1.0, 1.0, 1.0, 1.0, 1.0, 1.0]
PF3D7_1254400.1,-1,0,6,[2.7520806e-05, 3.7651739e-06, 0.00013524297, 1.8863597e-05, 5.2320527e-05, 2.6746062e-05],[0.99997246, 0.99999619, 0.9998647, 0.99998116, 0.99994767, 0.9999733]
PF3D7_1401400.1,-1,0,6,[0.0, 0.0, 0.0, 0.0, 0.0, 0.0],[1.0, 1.0, 1.0, 1.0, 1.0, 1.0]
PF3D7_0222000.1,-1,0,6,[3.600361e-05, 6.1619448e-07, 0.0002850561, 6.9599332e-06, 0.00011089125, 6.4926721e-06],[0.999964, 0.9999994, 0.99971491, 0.99999309, 0.99988914, 0.99999356]
PF3D7_0324400.1,-1,0,6,[7.2498806e-05, 3.952206e-06, 0.00033429803, 4.4996254e-05, 0.00013802291, 5.4823933e-05],[0.99992752, 0.99999607, 0.99966574, 0.99995506, 0.99986196, 0.99994516]
PF3D7_1032500.1,-1,0,6,[6.7256484e-10, 2.6597728e-08, 0.0035274972, 6.6939383e-09, 8.5215521e-07, 4.5652374e-07],[1.0, 1.0, 0.99647248, 1.0, 0.99999917, 0.99999952]
PF3D7_1012200.1,-1,0,6,[5.1001083e-36, 0.0, 2.0333982e-24, 0.0, 0.0, 0.0],[1.0, 1.0, 1.0, 1.0, 1.0, 1.0]
PF3D7_1439000.1,-1,0,6,[1.12463e-12, 2.4539507e-19, 1.2336312e-07, 8.602869e-15, 1.2439039e-10, 5.5033191e-14],[1.0, 1.0, 0.99999988, 1.0, 1.0, 1.0]
PF3D7_0201200.1,-1,0,6,[2.4563794e-06, 3.5326684e-06, 9.8251439e-05, 3.5465896e-06, 1.2143868e-05, 2.8569616e-06],[0.9999975, 0.99999642, 0.99990177, 0.99999642, 0.99998784, 0.99999714]
PF3D7_0833000.1,-1,0,6,[1.5056305e-05, 2.4042286e-06, 0.00017073745, 2.2948352e-05, 7.1200942e-05, 1.9188445e-05],[0.99998498, 0.99999762, 0.99982929, 0.99997699, 0.99992883, 0.99998081]
PF3D7_0800500.1,-1,0,6,[1.0439873e-05, 1.3865317e-06, 0.00011540297, 7.2950088e-06, 2.42107e-05, 1.6075095e-05],[0.99998951, 0.99999857, 0.99988461, 0.99999273, 0.9999758, 0.99998391]
PF3D7_1001700.1,-1,0,6,[1.0616964e-11, 4.0703635e-15, 3.5839703e-06, 3.5649847e-12, 8.8701158e-11, 1.5941563e-08],[1.0, 1.0, 0.99999642, 1.0, 1.0, 1.0]
PF3D7_0800600.1,-1,0,6,[3.9837087e-05, 0.00046950747, 0.0024977757, 0.00025032231, 0.0017080682, 0.00019238044],[0.99996018, 0.99953055, 0.99750227, 0.99974972, 0.99829191, 0.99980766]
PF3D7_0222700.1,-1,0,6,[5.8590972e-06, 1.2282726e-05, 0.00010548688, 1.2014173e-05, 2.0066904e-05, 1.2663049e-05],[0.99999416, 0.99998772, 0.9998945, 0.99998796, 0.99997997, 0.99998736]
PF3D7_0113700.1,-1,0,6,[1.0640439e-07, 4.5615902e-08, 1.0619029e-07, 3.9700564e-07, 6.9219119e-08, 4.0446071e-08],[0.99999988, 1.0, 0.99999988, 0.99999964, 0.99999988, 1.0]
PF3D7_0220800.1,-1,0,6,[4.3051104e-11, 4.2769633e-15, 3.6251486e-06, 3.0567244e-15, 5.1237469e-12, 2.9791589e-14],[1.0, 1.0, 0.99999642, 1.0, 1.0, 1.0]
PF3D7_1346700.1,-1,0,6,[7.2932955e-05, 4.5511217e-05, 0.0060887896, 5.942692e-06, 0.0004538112, 0.00033443255],[0.99992704, 0.99995446, 0.99391127, 0.99999404, 0.99954611, 0.99966562]
PF3D7_1372300.1,-1,0,6,[8.5589997e-09, 6.821383e-09, 1.4182932e-06, 2.5721041e-09, 4.4517758e-08, 4.1500414e-08],[1.0, 1.0, 0.99999857, 1.0, 1.0, 1.0]
PF3D7_0732400.1,-1,0,6,[2.0735995e-06, 1.5977366e-07, 4.2837986e-05, 2.1739568e-06, 4.7398489e-06, 3.3458255e-06],[0.99999797, 0.99999988, 0.9999572, 0.99999785, 0.99999523, 0.99999666]
PF3D7_0101000.1,-1,0,6,[4.0640975e-06, 4.6804749e-07, 6.6263739e-05, 3.1874497e-06, 1.5140247e-05, 4.3563855e-06],[0.99999595, 0.99999952, 0.99993372, 0.99999678, 0.99998486, 0.99999559]
PF3D7_1121600.1,-1,0,6,[0.0, 0.0, 0.0, 0.0, 0.0, 0.0],[1.0, 1.0, 1.0, 1.0, 1.0, 1.0]
PF3D7_1150000.1,-1,0,6,[2.8707925e-06, 3.5749989e-07, 6.1982602e-05, 3.2853384e-06, 1.0606055e-05, 3.2593118e-06],[0.99999714, 0.99999964, 0.99993801, 0.99999666, 0.99998939, 0.99999678]
PF3D7_1444300.1,-1,0,6,[2.8613033e-07, 1.018022e-09, 0.028115019, 5.1765067e-08, 6.4176852e-06, 5.1178773e-05],[0.99999976, 1.0, 0.97188491, 1.0, 0.99999356, 0.99994886]
PF3D7_0713100.1,-1,0,6,[2.5221216e-06, 0.00011728202, 0.0011213958, 6.6337975e-06, 2.9431534e-05, 0.00026541774],[0.9999975, 0.9998827, 0.99887854, 0.99999332, 0.99997056, 0.99973458]
PF3D7_1208200.1,-1,0,6,[0.0016322046, 0.00027313357, 0.0012642787, 0.0001589122, 0.0003544607, 0.00039067553],[0.99836785, 0.99972683, 0.99873573, 0.99984109, 0.99964559, 0.99960929]
PF3D7_0113000.1,-1,0,6,[5.4831651e-16, 0.0, 0.0, 1.4943919e-20, 0.0, 0.0],[1.0, 1.0, 1.0, 1.0, 1.0, 1.0]
PF3D7_0200400.1,-1,0,6,[7.7709323e-05, 3.9950191e-06, 0.00024564311, 5.5442539e-05, 0.00012560419, 4.7495316e-05],[0.99992228, 0.99999595, 0.99975437, 0.99994457, 0.99987435, 0.99995255]
PF3D7_1475500.1,-1,0,6,[2.4818078e-06, 6.9050857e-06, 0.00052052201, 1.568571e-06, 7.7458553e-06, 3.1092688e-06],[0.9999975, 0.99999309, 0.99947947, 0.99999845, 0.99999225, 0.9999969]
PF3D7_0202500.1,-1,0,6,[0.0, 0.0, 0.0, 0.0, 0.0, 0.0],[1.0, 1.0, 1.0, 1.0, 1.0, 1.0]
PF3D7_1338800.1,-1,0,6,[0.11881791, 0.023161191, 0.095144458, 0.0010745985, 0.048319764, 0.075254738],[0.88118213, 0.97683877, 0.90485555, 0.99892539, 0.95168018, 0.9247452]
PF3D7_0502400.1,-1,0,6,[1.0411931e-07, 2.3018772e-07, 1.010881e-06, 1.2375438e-06, 2.9656982e-07, 2.5802703e-07],[0.99999988, 0.99999976, 0.99999905, 0.99999881, 0.99999976, 0.99999976]
PF3D7_1035500.1,-1,0,6,[0.0, 0.0, 0.0, 0.0, 0.0, 0.0],[1.0, 1.0, 1.0, 1.0, 1.0, 1.0]
PF3D7_0902000.1,-1,1,5,[0.86122781, 0.12054855, 0.15117705, 0.01115092, 0.43845952, 0.016214475],[0.13877217, 0.87945145, 0.84882295, 0.98884904, 0.56154042, 0.98378551]
PF3D7_0631500.1,-1,0,6,[0.00064474536, 0.0013889616, 0.0012715481, 0.00031889396, 0.00072762073, 0.00096447876],[0.99935526, 0.99861097, 0.99872845, 0.99968112, 0.99927241, 0.9990356]
PF3D7_0937300.1,-1,0,6,[2.6757185e-05, 9.2023322e-07, 0.00012732683, 1.3356277e-05, 6.5273263e-05, 1.7930211e-05],[0.9999733, 0.99999905, 0.99987268, 0.99998665, 0.99993467, 0.99998212]
PF3D7_0114700.1,-1,0,6,[2.0016546e-06, 5.9561335e-06, 0.00015052878, 2.043631e-06, 1.0013207e-05, 5.4392267e-06],[0.99999797, 0.99999404, 0.99984944, 0.99999797, 0.99998999, 0.99999452]
PF3D7_0201900.1,-1,0,6,[2.3419299e-22, 6.1268051e-34, 9.932326e-24, 7.2910572e-15, 1.0432795e-24, 2.97721e-18],[1.0, 1.0, 1.0, 1.0, 1.0, 1.0]
PF3D7_1040700.1,-1,0,6,[6.9648067e-06, 1.0442226e-06, 4.6334422e-05, 7.4039331e-06, 1.4553621e-05, 1.0544033e-05],[0.99999309, 0.99999893, 0.99995363, 0.99999261, 0.99998546, 0.99998951]
PF3D7_0600500.1,-1,0,6,[2.4654455e-06, 1.2733448e-06, 0.00011091093, 4.1755234e-06, 2.3718152e-05, 5.3075455e-06],[0.9999975, 0.99999869, 0.99988914, 0.99999583, 0.99997628, 0.99999464]
PF3D7_1216600.1,-1,0,6,[5.6663566e-07, 9.9748149e-07, 0.00020594122, 1.0691987e-06, 2.6303312e-06, 2.5946142e-06],[0.9999994, 0.99999905, 0.99979407, 0.99999893, 0.99999738, 0.99999738]
PF3D7_1346800.1,-1,0,6,[2.27825e-05, 4.0586144e-07, 0.00038400042, 5.8166897e-06, 5.1738283e-05, 4.4488111e-06],[0.99997723, 0.99999964, 0.99961603, 0.99999416, 0.99994826, 0.99999559]
PF3D7_0919400.1,-1,0,6,[3.7571754e-05, 1.2809112e-08, 0.0074910251, 4.092888e-06, 4.1470057e-06, 0.00052996975],[0.99996245, 1.0, 0.99250895, 0.99999595, 0.99999583, 0.99947006]
PF3D7_0612700.1,-1,0,6,[2.9379602e-10, 9.6175297e-16, 7.4214188e-07, 8.867725e-16, 1.0043013e-14, 2.0991776e-17],[1.0, 1.0, 0.99999928, 1.0, 1.0, 1.0]
PF3D7_1340000.1,-1,0,6,[0.00044822606, 0.47183195, 0.36761037, 0.0025560642, 0.11445861, 0.10960208],[0.99955171, 0.52816796, 0.63238961, 0.99744391, 0.88554138, 0.89039791]
PF3D7_0936200.1,-1,0,6,[3.2348164e-13, 1.0898998e-16, 1.1494623e-10, 1.0838854e-13, 3.0122387e-16, 4.3909588e-11],[1.0, 1.0, 1.0, 1.0, 1.0, 1.0]
PF3D7_1334300.1,-1,1,5,[0.28517121, 8.5608974e-08, 4.2703305e-05, 0.59252787, 1.1328336e-14, 1.5621421e-08],[0.71482885, 0.99999988, 0.99995732, 0.4074721, 1.0, 1.0]
PF3D7_0832000.1,-1,0,6,[1.129525e-06, 4.8310807e-07, 0.0005286716, 1.2961062e-06, 5.4843504e-06, 0.0001229281],[0.99999893, 0.99999952, 0.99947137, 0.99999869, 0.99999452, 0.9998771]
PF3D7_1334800.1,-1,0,6,[7.3158918e-07, 2.488e-09, 0.00019662161, 3.3037072e-08, 1.9314364e-06, 0.0001231354],[0.99999928, 1.0, 0.99980336, 1.0, 0.99999809, 0.99987686]
PF3D7_0114200.1,-1,0,6,[0.00053227501, 0.00025749844, 0.00043618775, 0.00030232882, 0.00014046203, 0.00042165405],[0.99946779, 0.99974245, 0.99956375, 0.99969769, 0.99985957, 0.9995783]
PF3D7_1040800.1,-1,0,6,[7.6364107e-05, 1.2143521e-05, 0.00024032235, 5.4685559e-05, 8.4718486e-05, 4.0221261e-05],[0.99992359, 0.99998784, 0.99975973, 0.99994528, 0.99991524, 0.99995983]
PF3D7_0902500.1,-1,0,6,[1.4554185e-08, 8.8931298e-09, 5.1094116e-07, 9.5144714e-10, 3.3024218e-08, 3.1704293e-09],[1.0, 1.0, 0.99999952, 1.0, 1.0, 1.0]
PF3D7_0700500.1,-1,0,6,[2.1659482e-05, 9.7223565e-06, 0.00022524533, 2.09877e-05, 7.3375224e-05, 3.3296274e-05],[0.9999783, 0.99999022, 0.99977475, 0.99997902, 0.99992657, 0.99996674]
PF3D7_1201300.1,-1,0,6,[6.9892385e-06, 1.0640374e-06, 0.000183304, 2.0108384e-06, 6.8895879e-06, 1.0476196e-05],[0.99999297, 0.99999893, 0.99981672, 0.99999797, 0.99999309, 0.99998951]
PF3D7_0701800.1,-1,0,6,[6.4069536e-05, 6.5412232e-06, 0.00037104319, 3.3873595e-05, 6.1867686e-05, 3.5161698e-05],[0.99993598, 0.99999344, 0.9996289, 0.99996614, 0.99993813, 0.99996483]
PF3D7_0936500.1,-1,0,6,[1.7342225e-05, 0.00039216853, 0.00087960617, 8.4394909e-05, 2.626831e-05, 0.0021239684],[0.99998271, 0.99960786, 0.99912041, 0.9999156, 0.99997377, 0.99787605]
PF3D7_0206800.1,-1,0,6,[0.0, 0.0, 0.0, 0.0, 0.0, 0.0],[1.0, 1.0, 1.0, 1.0, 1.0, 1.0]
PF3D7_0732500.1,-1,0,6,[1.0946638e-05, 2.8378229e-06, 6.7391185e-05, 1.2623464e-05, 2.1232761e-05, 1.0891294e-05],[0.99998903, 0.99999714, 0.99993265, 0.99998736, 0.99997878, 0.99998915]
PF3D7_0419700.1,-1,0,6,[4.911419e-10, 3.49633e-13, 4.4814828e-07, 5.1836612e-15, 4.7002159e-13, 1.4931649e-15],[1.0, 1.0, 0.99999952, 1.0, 1.0, 1.0]
PF3D7_0707300.1,-1,0,6,[0.0, 0.0, 0.0, 0.0, 0.0, 0.0],[1.0, 1.0, 1.0, 1.0, 1.0, 1.0]
PF3D7_0632100.1,-1,0,6,[4.5083184e-06, 1.9817146e-06, 7.8721896e-05, 7.1740114e-06, 1.0784989e-05, 8.8260722e-06],[0.99999547, 0.99999797, 0.99992132, 0.99999285, 0.99998927, 0.99999118]
PF3D7_1477200.1,-1,0,6,[9.1317283e-09, 1.9432673e-09, 2.322036e-05, 1.438758e-09, 5.9925412e-08, 3.4554073e-08],[1.0, 1.0, 0.99997675, 1.0, 0.99999988, 1.0]
PF3D7_1420700.1,-1,0,6,[1.1943895e-30, 2.2833848e-11, 5.0008822e-17, 1.6328188e-13, 0.0, 9.5916675e-30],[1.0, 1.0, 1.0, 1.0, 1.0, 1.0]
PF3D7_1148700.1,-1,0,6,[3.5407639e-24, 0.0, 6.7945093e-30, 1.8132213e-21, 6.0352689e-27, 2.7271192e-31],[1.0, 1.0, 1.0, 1.0, 1.0, 1.0]
PF3D7_1436300.1,-1,0,6,[2.5004427e-26, 5.3017469e-32, 1.0602241e-28, 4.6667861e-29, 1.4483793e-30, 2.2314962e-32],[1.0, 1.0, 1.0, 1.0, 1.0, 1.0]
PF3D7_0832500.1,-1,0,6,[2.0242713e-05, 3.8536614e-06, 0.00027801239, 1.4407529e-05, 3.2821648e-05, 2.0880892e-05],[0.99997973, 0.99999619, 0.99972194, 0.99998558, 0.99996722, 0.99997914]
PF3D7_1372800.1,-1,0,6,[5.2024254e-05, 2.5516279e-06, 0.00018884591, 6.0085396e-05, 0.00012139283, 7.2471295e-05],[0.99994802, 0.9999975, 0.99981123, 0.99993992, 0.99987864, 0.99992752]
PF3D7_0223400.1,-1,0,6,[1.1429775e-05, 4.3333353e-06, 0.0001164217, 1.3098183e-05, 2.6342463e-05, 1.636968e-05],[0.99998856, 0.99999571, 0.99988353, 0.99998689, 0.99997365, 0.99998367]
PF3D7_0832900.1,-1,0,6,[0.00014975428, 3.6815968e-06, 0.00024493894, 3.7890622e-05, 0.00012790289, 0.00044055379],[0.99985027, 0.9999963, 0.99975508, 0.99996209, 0.99987209, 0.99955946]
PF3D7_1353600.1,-1,0,6,[4.5474925e-15, 6.5510554e-17, 6.6934699e-06, 3.2756359e-15, 8.6744084e-12, 3.9046027e-11],[1.0, 1.0, 0.99999332, 1.0, 1.0, 1.0]
PF3D7_1479600.1,-1,0,6,[6.3555213e-05, 5.2638775e-06, 0.00025170704, 6.0665632e-05, 0.00019358273, 4.2230135e-05],[0.99993646, 0.99999475, 0.99974829, 0.99993932, 0.99980646, 0.9999578]
PF3D7_1300600.1,-1,0,6,[1.36929e-06, 2.9360092e-07, 4.7561756e-05, 1.6218854e-07, 5.1045199e-06, 1.6368663e-06],[0.99999869, 0.99999976, 0.99995244, 0.99999988, 0.99999487, 0.99999833]
PF3D7_0206900.1,-1,0,6,[0.17834085, 9.5575524e-06, 4.9769224e-05, 1.0662107e-05, 2.8567862e-05, 3.3938634e-06],[0.82165921, 0.99999046, 0.99995017, 0.99998939, 0.99997139, 0.99999666]
PF3D7_0200200.1,-1,0,6,[4.8355785e-05, 2.5807699e-06, 0.00020472796, 4.7260015e-05, 0.00014703738, 2.9890492e-05],[0.9999516, 0.99999738, 0.99979526, 0.99995279, 0.9998529, 0.99997008]
PF3D7_0937000.1,-1,0,6,[1.5699823e-06, 2.7508618e-06, 0.00020836729, 2.2660265e-06, 3.8697915e-05, 7.1868649e-06],[0.99999845, 0.99999726, 0.99979168, 0.99999774, 0.99996126, 0.99999285]
PF3D7_1301400.1,-1,0,6,[0.0, 0.0, 0.0, 0.0, 0.0, 0.0],[1.0, 1.0, 1.0, 1.0, 1.0, 1.0]
PF3D7_1218000.1,-1,0,6,[2.2966366e-07, 5.3477964e-09, 3.5699395e-05, 5.1669975e-08, 8.4007587e-07, 4.700878e-07],[0.99999976, 1.0, 0.99996436, 1.0, 0.99999917, 0.99999952]
PF3D7_1101300.1,-1,0,6,[5.7071838e-06, 1.6825976e-05, 0.0003433208, 1.1199912e-05, 2.6889791e-05, 1.478231e-05],[0.99999428, 0.99998319, 0.99965668, 0.99998879, 0.99997306, 0.99998522]
PF3D7_1116700.1,-1,0,6,[3.0564742e-11, 2.75776e-09, 2.7689248e-08, 1.3700816e-06, 4.0857896e-18, 1.1951167e-07],[1.0, 1.0, 1.0, 0.99999869, 1.0, 0.99999988]
PF3D7_0209000.1,-1,0,6,[3.2321412e-05, 0.00016558409, 0.00015160814, 2.7152033e-05, 8.2872e-05, 0.00016098116],[0.99996769, 0.99983442, 0.99984837, 0.99997282, 0.99991715, 0.99983895]
PF3D7_0109100.1,-1,0,6,[2.3069372e-06, 7.4037104e-07, 3.9320232e-05, 8.1297014e-07, 1.6642168e-06, 2.0887326e-06],[0.99999774, 0.99999928, 0.99996066, 0.99999917, 0.99999833, 0.99999785]
PF3D7_0830400.1,-1,0,6,[1.2443726e-23, 3.711908e-23, 5.7064319e-12, 1.2281371e-21, 3.6977921e-29, 2.2682448e-18],[1.0, 1.0, 1.0, 1.0, 1.0, 1.0]
PF3D7_0936100.1,-1,0,6,[0.00096040871, 1.4548392e-06, 0.441333, 0.13599136, 9.7578617e-05, 0.023072662],[0.99903959, 0.99999857, 0.55866706, 0.86400867, 0.99990237, 0.97692728]
PF3D7_1254300.1,-1,0,6,[6.5373184e-05, 4.4906524e-06, 0.00024820736, 5.5646677e-05, 0.00010244043, 7.506094e-05],[0.99993467, 0.99999547, 0.99975175, 0.99994433, 0.9998976, 0.9999249]
PF3D7_0219800.1,1,4,2,[0.7078889, 0.94624186, 0.41366473, 0.973885, 0.24807486, 0.98739862],[0.29211116, 0.053758178, 0.58633524, 0.026114985, 0.75192517, 0.012601374]
PF3D7_1400300.1,-1,0,6,[4.7290578e-06, 1.1474523e-05, 0.00011962561, 8.0723685e-06, 1.2431018e-05, 1.5707545e-05],[0.99999523, 0.99998856, 0.99988031, 0.99999189, 0.9999876, 0.99998426]
PF3D7_0700300.1,-1,0,6,[6.24105e-06, 7.9747781e-07, 0.00011651001, 4.973243e-06, 3.548968e-05, 6.2118766e-06],[0.9999938, 0.99999917, 0.99988353, 0.99999499, 0.99996448, 0.9999938]
PF3D7_1341600.1,-1,0,6,[0.0028115406, 0.00014305906, 0.18035598, 7.2776143e-05, 7.5332282e-05, 0.00017299267],[0.99718851, 0.99985695, 0.81964397, 0.99992716, 0.99992466, 0.99982709]
PF3D7_0833400.1,-1,0,6,[1.6582582e-05, 3.5693713e-06, 0.00013710784, 1.8758581e-05, 3.1013715e-05, 2.177563e-05],[0.99998343, 0.99999642, 0.99986291, 0.99998128, 0.99996901, 0.99997818]
PF3D7_1040300.1,-1,0,6,[3.720922e-06, 3.0660979e-06, 0.00018024082, 2.7396013e-06, 5.5568726e-05, 1.22253e-05],[0.9999963, 0.9999969, 0.99981982, 0.99999726, 0.99994445, 0.99998772]
PF3D7_1115900.1,-1,0,6,[0.00020611017, 1.0718454e-05, 0.034069151, 1.5242935e-05, 3.3109198e-05, 0.00010414697],[0.99979395, 0.99998927, 0.96593082, 0.99998474, 0.99996686, 0.99989581]
PF3D7_0601100.1,-1,0,6,[0.007585289, 0.01695025, 0.0044986489, 0.0014623487, 0.0044472562, 0.0064685964],[0.99241477, 0.98304969, 0.99550134, 0.99853766, 0.99555272, 0.99353141]
PF3D7_0702300.1,-1,0,6,[7.9297702e-10, 3.6460039e-09, 1.7165384e-08, 3.6224499e-09, 8.1818935e-10, 1.3731179e-10],[1.0, 1.0, 1.0, 1.0, 1.0, 1.0]
PF3D7_0222500.1,-1,0,6,[2.7329522e-06, 1.0640739e-06, 7.0951915e-05, 1.7006956e-06, 1.0925976e-05, 3.5981004e-06],[0.99999726, 0.99999893, 0.99992907, 0.99999833, 0.99998903, 0.99999642]
PF3D7_1136200.1,-1,0,6,[1.5605987e-09, 7.5438059e-12, 3.0507849e-06, 3.218917e-14, 1.6133605e-11, 2.2142861e-14],[1.0, 1.0, 0.9999969, 1.0, 1.0, 1.0]
PF3D7_0902600.1,-1,0,6,[0.0024841325, 6.3223772e-05, 0.076596722, 0.00014853849, 0.084667325, 0.064548686],[0.99751592, 0.99993682, 0.92340326, 0.99985147, 0.91533262, 0.93545127]
PF3D7_0300800.1,-1,0,6,[7.8801795e-06, 1.7805603e-06, 8.5961539e-05, 9.4583556e-06, 1.5138313e-05, 1.0938174e-05],[0.99999213, 0.99999821, 0.99991405, 0.99999058, 0.99998486, 0.99998903]
PF3D7_0115100.1,-1,0,6,[4.3220007e-05, 0.00061239407, 0.0028213409, 0.00029812125, 0.0016463617, 0.00020262999],[0.99995673, 0.99938762, 0.99717867, 0.9997018, 0.99835372, 0.9997974]
PF3D7_1100500.1,-1,0,6,[4.8806633e-06, 4.6335672e-06, 7.8780766e-05, 3.6411036e-06, 1.2335669e-05, 5.8117107e-06],[0.99999511, 0.99999535, 0.9999212, 0.9999963, 0.99998772, 0.99999416]
PF3D7_1335900.1,-1,0,6,[2.2224851e-05, 3.3586119e-07, 0.00018050517, 3.348644e-06, 4.8429349e-05, 9.1690863e-06],[0.99997783, 0.99999964, 0.99981958, 0.99999666, 0.9999516, 0.99999082]
PF3D7_0324100.1,-1,0,6,[0.0061565917, 0.00035103795, 0.0031526799, 0.0017305911, 0.0025636395, 0.0023659999],[0.99384344, 0.99964893, 0.99684733, 0.99826944, 0.99743634, 0.99763393]
PF3D7_0900700.1,-1,0,6,[2.4110566e-05, 2.5390343e-06, 0.00013186759, 2.5052808e-05, 6.3120395e-05, 1.9178766e-05],[0.99997592, 0.9999975, 0.99986815, 0.99997497, 0.99993682, 0.99998081]
PF3D7_0631800.1,-1,0,6,[1.5221378e-05, 1.3320049e-05, 0.00012537719, 1.9310686e-05, 4.1603958e-05, 2.2962757e-05],[0.99998474, 0.99998665, 0.99987459, 0.99998069, 0.9999584, 0.99997699]
PF3D7_0207600.1,-1,0,6,[0.0, 0.0, 0.0, 0.0, 0.0, 0.0],[1.0, 1.0, 1.0, 1.0, 1.0, 1.0]
PF3D7_0106600.1,-1,0,6,[0.0023972553, 0.047797784, 0.011395761, 0.0063814777, 0.11747324, 0.01744918],[0.99760276, 0.9522022, 0.98860431, 0.99361849, 0.88252681, 0.9825508]
PF3D7_0701500.1,-1,0,6,[0.00070419291, 0.0010328685, 0.0011629493, 0.00081393652, 0.001024629, 0.00073539378],[0.99929583, 0.99896717, 0.99883705, 0.9991861, 0.9989754, 0.99926466]
PF3D7_0101200.1,-1,0,6,[0.0007922824, 0.0013020817, 0.0013112806, 0.00078722881, 0.0011404076, 0.00083532347],[0.99920779, 0.99869788, 0.99868876, 0.99921274, 0.99885964, 0.9991647]
PF3D7_0223300.1,-1,0,6,[0.00015682107, 0.00090728293, 0.0048520062, 0.00067711034, 0.0057510016, 0.0002141806],[0.99984312, 0.9990927, 0.995148, 0.99932289, 0.99424899, 0.99978584]
PF3D7_0425100.1,-1,0,6,[6.0824972e-09, 9.6665014e-09, 1.6309792e-06, 1.3967448e-08, 2.5343304e-08, 4.7329198e-08],[1.0, 1.0, 0.99999833, 1.0, 1.0, 1.0]
PF3D7_1342500.1,-1,0,6,[7.0030637e-07, 4.2104351e-05, 9.2215916e-05, 2.8132916e-07, 7.3431911e-06, 1.7209071e-06],[0.99999928, 0.99995792, 0.99990773, 0.99999976, 0.99999261, 0.99999833]
PF3D7_0532600.1,-1,0,6,[1.307028e-33, 0.0, 4.0195849e-29, 2.6727924e-30, 0.0, 1.2795202e-33],[1.0, 1.0, 1.0, 1.0, 1.0, 1.0]
PF3D7_0832600.1,-1,0,6,[0.00036317887, 7.1056625e-06, 0.00039232351, 0.00016008523, 0.00088385987, 0.00032332767],[0.99963677, 0.99999285, 0.99960774, 0.9998399, 0.99911612, 0.9996767]
PF3D7_1334700.1,-1,0,6,[4.4705337e-07, 0.0005702608, 0.00013315945, 1.6678443e-07, 1.3926041e-10, 9.3975336e-07],[0.99999952, 0.99942976, 0.99986684, 0.99999988, 1.0, 0.99999905]
PF3D7_1200800.1,-1,0,6,[1.5874271e-07, 0.027050979, 0.0011258348, 1.3633768e-06, 1.9704039e-06, 0.0014952852],[0.99999988, 0.97294903, 0.99887413, 0.99999869, 0.99999797, 0.99850476]
PF3D7_0324600.1,-1,0,6,[0.00014493518, 6.4784585e-06, 0.00038378261, 0.00030080386, 0.00020841775, 0.00012991681],[0.99985504, 0.99999356, 0.99961615, 0.99969923, 0.99979156, 0.99987006]
PF3D7_1477100.1,-1,0,6,[3.4211293e-08, 3.5231471e-06, 0.0048403307, 4.0328601e-07, 4.857381e-07, 2.280837e-05],[1.0, 0.99999642, 0.99515969, 0.99999964, 0.99999952, 0.99997723]
PF3D7_0532900.1,-1,0,6,[8.8419688e-07, 7.2223209e-08, 3.485908e-05, 1.108395e-07, 1.9716785e-05, 1.0731092e-06],[0.99999917, 0.99999988, 0.99996519, 0.99999988, 0.99998033, 0.99999893]
PF3D7_1400800.1,-1,0,6,[6.9027112e-05, 1.3727006e-05, 0.00019880386, 3.5599169e-05, 0.00013140605, 4.719448e-05],[0.99993098, 0.99998629, 0.99980122, 0.99996436, 0.99986863, 0.99995279]
PF3D7_0301100.1,-1,0,6,[0.00032280281, 7.9099635e-05, 0.0018676666, 0.00016921878, 0.00027848408, 0.0010059198],[0.99967718, 0.99992085, 0.99813241, 0.99983072, 0.99972147, 0.99899405]
PF3D7_1206000.1,-1,0,6,[1.7714535e-11, 2.1085365e-16, 1.8242025e-07, 2.1235968e-18, 1.4855477e-13, 3.8308463e-16],[1.0, 1.0, 0.99999976, 1.0, 1.0, 1.0]
PF3D7_0320400.1,-1,0,6,[1.7941549e-05, 2.7180431e-06, 0.00021361363, 1.1826165e-05, 6.4211861e-05, 2.05011e-05],[0.999982, 0.99999726, 0.99978644, 0.9999882, 0.99993575, 0.9999795]
PF3D7_0425200.1,-1,0,6,[3.1963718e-06, 6.034295e-06, 5.2377542e-05, 3.7304867e-06, 1.2040589e-05, 8.0512173e-06],[0.99999678, 0.99999392, 0.99994767, 0.9999963, 0.99998796, 0.99999189]
PF3D7_0904200.1,-1,0,6,[1.3007352e-05, 2.2925955e-05, 0.01060929, 1.5362017e-05, 6.652029e-05, 0.01800858],[0.99998701, 0.99997711, 0.98939079, 0.99998462, 0.99993348, 0.98199147]
PF3D7_0212600.1,-1,0,6,[1.5673149e-07, 1.4769321e-11, 2.8642435e-07, 3.6964845e-12, 1.2049968e-09, 8.8447916e-11],[0.99999988, 1.0, 0.99999976, 1.0, 1.0, 1.0]
PF3D7_1017100.1,-1,0,6,[4.2380342e-11, 6.2711111e-21, 3.0965315e-09, 5.8292721e-18, 6.8860441e-15, 8.7452079e-24],[1.0, 1.0, 1.0, 1.0, 1.0, 1.0]
PF3D7_1477400.1,-1,1,5,[0.048842203, 0.0024366016, 0.65643728, 0.00063001679, 0.027208783, 0.0026890633],[0.95115781, 0.99756336, 0.34356269, 0.99937004, 0.97279119, 0.997311]
PF3D7_0113900.1,-1,0,6,[4.1238111e-09, 9.8836672e-08, 9.9585804e-06, 1.0258538e-09, 6.7012607e-08, 1.5458998e-07],[1.0, 0.99999988, 0.99998999, 1.0, 0.99999988, 0.99999988]
PF3D7_0402600.1,-1,0,6,[1.1811366e-05, 1.7313666e-06, 0.00016304487, 7.4681388e-06, 3.1429052e-05, 3.5261499e-05],[0.9999882, 0.99999821, 0.99983692, 0.99999249, 0.99996853, 0.99996471]
PF3D7_1039900.1,-1,0,6,[3.058734e-05, 0.0001066424, 0.00046786113, 5.4788808e-05, 0.00017423488, 7.7022101e-05],[0.99996936, 0.99989331, 0.9995321, 0.99994516, 0.99982578, 0.99992299]
PF3D7_0731700.1,0,3,3,[0.00057583716, 0.99911314, 0.79774404, 0.010241393, 0.0021683201, 0.62341285],[0.99942422, 0.0008868521, 0.20225599, 0.98975861, 0.99783164, 0.37658718]
PF3D7_0102600.1,-1,0,6,[1.60611e-09, 5.6017141e-10, 2.3879404e-06, 4.8556437e-10, 1.6792807e-08, 1.3571847e-07],[1.0, 1.0, 0.99999762, 1.0, 1.0, 0.99999988]
PF3D7_1430200.1,-1,0,6,[2.1675516e-05, 5.8198557e-09, 0.00035066783, 1.0126794e-08, 2.1724178e-07, 2.7070366e-09],[0.9999783, 1.0, 0.99964929, 1.0, 0.99999976, 1.0]
PF3D7_0324300.1,-1,0,6,[2.7720624e-05, 9.4294774e-05, 0.0004437727, 4.9842278e-05, 0.00015363518, 7.6522294e-05],[0.99997222, 0.99990571, 0.99955624, 0.99995017, 0.99984634, 0.99992347]
PF3D7_0100800.1,-1,0,6,[1.6451906e-05, 2.2191355e-06, 7.3252675e-05, 8.1535063e-06, 2.2631179e-05, 1.2522255e-05],[0.99998355, 0.99999774, 0.99992669, 0.99999189, 0.99997735, 0.99998748]
PF3D7_1016900.1,-1,0,6,[1.0190816e-15, 2.767433e-25, 4.8672393e-07, 1.0870698e-09, 7.1145352e-21, 2.1578671e-13],[1.0, 1.0, 0.99999952, 1.0, 1.0, 1.0]
PF3D7_0807700.1,-1,0,6,[3.8996151e-07, 5.8720833e-09, 0.00067016942, 1.5316317e-09, 2.2241368e-07, 9.7068929e-05],[0.99999964, 1.0, 0.99932981, 1.0, 0.99999976, 0.99990296]
PF3D7_1464600.1,-1,0,6,[4.392633e-19, 3.4596793e-24, 2.0728396e-16, 2.9086225e-24, 1.5804164e-28, 4.22729e-18],[1.0, 1.0, 1.0, 1.0, 1.0, 1.0]
PF3D7_0732700.1,-1,0,6,[2.918335e-06, 5.5201139e-07, 5.5120072e-05, 1.1825022e-06, 1.2058445e-05, 3.4842408e-06],[0.99999714, 0.9999994, 0.99994493, 0.99999881, 0.99998796, 0.99999654]
PF3D7_0616500.1,-1,0,6,[8.6893181e-07, 1.4147011e-07, 4.0741561e-05, 8.7289942e-07, 3.1313009e-06, 3.5918401e-06],[0.99999917, 0.99999988, 0.99995923, 0.99999917, 0.9999969, 0.99999642]
PF3D7_1323500.1,-1,1,5,[6.8595939e-05, 0.99878055, 0.37057164, 0.00051654869, 0.0006871029, 0.046006542],[0.99993145, 0.0012194623, 0.62942833, 0.99948347, 0.99931288, 0.9539935]
PF3D7_0901500.1,-1,0,6,[5.7971802e-06, 1.5447872e-06, 8.3675142e-05, 7.2437147e-06, 1.158864e-05, 5.8826404e-06],[0.99999416, 0.99999845, 0.99991632, 0.99999273, 0.99998844, 0.99999416]
PF3D7_0317100.1,-1,0,6,[1.2779833e-07, 7.3790468e-10, 2.2958509e-05, 1.0292764e-08, 9.2904588e-07, 2.2921155e-08],[0.99999988, 1.0, 0.99997699, 1.0, 0.99999905, 1.0]
PF3D7_1449000.1,-1,0,6,[2.381561e-06, 3.6179156e-07, 0.00010721311, 1.2679185e-06, 8.1497665e-06, 3.6689471e-06],[0.99999762, 0.99999964, 0.99989283, 0.99999869, 0.99999189, 0.9999963]
PF3D7_1040900.1,-1,0,6,[5.500945e-06, 3.2074929e-06, 3.6829129e-05, 4.0877699e-06, 9.6998983e-06, 4.8984525e-06],[0.99999452, 0.99999678, 0.99996316, 0.99999595, 0.99999034, 0.99999511]
PF3D7_1476300.1,-1,0,6,[9.4805068e-21, 7.2968445e-30, 6.6575685e-14, 2.0072561e-32, 4.6853826e-25, 1.0683477e-36],[1.0, 1.0, 1.0, 1.0, 1.0, 1.0]
PF3D7_1127500.1,-1,0,6,[0.0018483343, 0.00020511326, 0.022687674, 0.00013500254, 1.2017554e-05, 0.00039949978],[0.9981516, 0.9997949, 0.97731233, 0.99986494, 0.99998796, 0.99960047]
PF3D7_0601200.1,-1,0,6,[1.103162e-05, 1.1748757e-05, 0.003809266, 0.00050405745, 2.8685414e-05, 1.7179986e-05],[0.99998891, 0.9999882, 0.99619067, 0.99949598, 0.99997127, 0.99998283]
PF3D7_0201300.1,-1,0,6,[4.0960847e-05, 1.8551304e-06, 0.00018246385, 6.4896842e-05, 7.0083443e-05, 8.631598e-05],[0.99995899, 0.99999809, 0.99981755, 0.99993515, 0.9999299, 0.99991369]
PF3D7_1149900.1,-1,0,6,[0.0001022083, 6.7110659e-06, 0.00037637175, 6.686282e-05, 0.00028630326, 0.00014694686],[0.99989784, 0.99999332, 0.99962366, 0.99993312, 0.99971372, 0.99985301]
PF3D7_0822700.1,-1,0,6,[0.017242348, 0.0022356641, 0.0045192791, 0.0058378042, 0.079897635, 0.0094139418],[0.98275763, 0.99776435, 0.99548066, 0.99416214, 0.92010236, 0.9905861]
PF3D7_1479500.1,-1,0,6,[1.9048346e-05, 2.4424107e-06, 0.00016607805, 1.3258395e-05, 4.0231003e-05, 2.8925115e-05],[0.99998093, 0.99999762, 0.99983394, 0.99998677, 0.99995983, 0.99997103]
PF3D7_1102800.1,-1,0,6,[0.0, 0.0, 0.0, 0.0, 0.0, 0.0],[1.0, 1.0, 1.0, 1.0, 1.0, 1.0]
PF3D7_0214900.1,-1,0,6,[0.0, 0.0, 1.9292379e-27, 0.0, 0.0, 0.0],[1.0, 1.0, 1.0, 1.0, 1.0, 1.0]
PF3D7_0828800.1,-1,0,6,[4.1453114e-07, 7.4138118e-09, 4.8117645e-06, 2.0530877e-08, 1.0568233e-07, 8.8104898e-08],[0.99999964, 1.0, 0.99999523, 1.0, 0.99999988, 0.99999988]
PF3D7_0632300.1,-1,0,6,[2.8857717e-06, 5.6391866e-07, 5.5364719e-05, 1.1720998e-06, 1.1967427e-05, 3.482995e-06],[0.99999714, 0.9999994, 0.99994469, 0.99999881, 0.99998808, 0.99999654]
PF3D7_1400400.1,-1,0,6,[2.3042916e-05, 1.8820831e-05, 0.00016928722, 3.237354e-05, 2.7244709e-05, 3.5491139e-05],[0.99997699, 0.99998116, 0.99983072, 0.99996758, 0.9999727, 0.99996448]
PF3D7_0101100.1,-1,0,6,[3.2054173e-05, 0.00010322292, 0.00046010458, 5.5991823e-05, 0.00018994186, 7.5780285e-05],[0.99996793, 0.99989676, 0.99953997, 0.99994397, 0.99981004, 0.99992418]
PF3D7_0901000.1,-1,0,6,[4.1192907e-05, 1.5902173e-05, 0.00015138554, 3.5690475e-05, 5.4966484e-05, 3.5923083e-05],[0.99995875, 0.99998415, 0.9998486, 0.99996436, 0.99994504, 0.99996412]
PF3D7_0423400.1,-1,0,6,[8.4409385e-10, 2.1764868e-11, 1.7270116e-06, 7.1564006e-13, 8.006114e-12, 3.506869e-13],[1.0, 1.0, 0.99999833, 1.0, 1.0, 1.0]
PF3D7_1373400.1,-1,0,6,[8.6670389e-07, 1.5984423e-07, 4.7321249e-05, 6.030931e-07, 3.5646869e-06, 1.5909599e-06],[0.99999917, 0.99999988, 0.99995267, 0.9999994, 0.99999642, 0.99999845]
PF3D7_0402300.1,-1,0,6,[9.5575864e-08, 1.3200821e-07, 9.5758946e-07, 1.4807557e-09, 2.953567e-07, 2.5082109e-10],[0.99999988, 0.99999988, 0.99999905, 1.0, 0.99999976, 1.0]
PF3D7_1469200.1,-1,0,6,[0.00011174277, 0.00011333354, 0.010550015, 0.00041521169, 0.00028652005, 0.0018982277],[0.9998883, 0.99988663, 0.98944992, 0.99958485, 0.99971348, 0.99810177]
PF3D7_1372700.1,-1,0,6,[2.4160949e-05, 3.7092229e-06, 0.00011178966, 1.3828125e-05, 4.7793637e-05, 1.9205891e-05],[0.9999758, 0.9999963, 0.99988818, 0.99998617, 0.9999522, 0.99998081]
PF3D7_0201800.1,-1,0,6,[4.9359336e-16, 7.3413472e-23, 9.6249386e-17, 1.9602032e-11, 2.0660416e-17, 8.1786378e-20],[1.0, 1.0, 1.0, 1.0, 1.0, 1.0]
PF3D7_1108600.1,-1,0,6,[0.0, 0.0, 1.9606613e-24, 0.0, 0.0, 0.0],[1.0, 1.0, 1.0, 1.0, 1.0, 1.0]
PF3D7_1476100.1,-1,0,6,[0.00034866075, 0.00028157007, 0.0031833174, 7.3552677e-05, 0.00047516759, 0.00061480032],[0.99965131, 0.99971837, 0.99681669, 0.99992645, 0.99952483, 0.99938524]
PF3D7_1115600.1,-1,0,6,[0.0, 0.0, 2.1062961e-21, 0.0, 1.4592061e-28, 5.7705999e-32],[1.0, 1.0, 1.0, 1.0, 1.0, 1.0]
PF3D7_0222800.1,-1,0,6,[0.00010019854, 2.2452532e-06, 0.00018870928, 7.81126e-05, 0.00018653001, 8.3260464e-05],[0.99989974, 0.99999774, 0.99981135, 0.99992192, 0.9998135, 0.99991679]
PF3D7_0713000.1,-1,0,6,[5.3956637e-06, 1.4240778e-06, 7.6134413e-05, 4.5130505e-06, 1.0187189e-05, 8.099134e-06],[0.99999464, 0.99999857, 0.99992383, 0.99999547, 0.99998987, 0.99999189]
PF3D7_1101700.1,-1,0,6,[0.0013287733, 0.0016934347, 0.0016694933, 0.00032551496, 0.00036779727, 0.0018592178],[0.99867129, 0.99830651, 0.99833053, 0.99967444, 0.99963224, 0.99814081]
PF3D7_0114100.1,-1,0,6,[0.38531864, 0.060493521, 0.012483155, 0.037584465, 0.17708856, 0.023836516],[0.61468142, 0.93950647, 0.98751682, 0.96241552, 0.82291144, 0.97616345]
PF3D7_0424200.1,-1,0,6,[1.1568178e-07, 2.327635e-06, 9.1064913e-07, 1.5639936e-08, 1.0424449e-07, 2.0115387e-08],[0.99999988, 0.99999762, 0.99999905, 1.0, 0.99999988, 1.0]
PF3D7_1475400.1,-1,0,6,[7.9804313e-06, 9.9317208e-07, 0.00014582629, 4.4429089e-06, 8.6323471e-06, 4.3201844e-06],[0.99999201, 0.99999905, 0.99985421, 0.99999559, 0.99999142, 0.99999571]
PF3D7_0400800.1,-1,0,6,[4.5954577e-05, 2.6432565e-06, 0.00026600927, 5.8591984e-05, 0.00011897728, 4.2802047e-05],[0.99995399, 0.99999738, 0.99973398, 0.99994135, 0.99988103, 0.9999572]
PF3D7_1101800.1,-1,0,6,[3.3948974e-05, 6.8388937e-07, 0.00029269114, 6.9413659e-06, 0.00010307105, 6.8644172e-06],[0.99996603, 0.99999928, 0.99970728, 0.99999309, 0.99989688, 0.99999309]
PF3D7_0905400.1,-1,0,6,[0.0, 0.0, 0.0, 0.0, 0.0, 0.0],[1.0, 1.0, 1.0, 1.0, 1.0, 1.0]
PF3D7_0302200.1,-1,0,6,[5.2465164e-11, 9.0965419e-13, 3.955302e-06, 6.7801687e-14, 1.147991e-12, 1.9267475e-13],[1.0, 1.0, 0.99999607, 1.0, 1.0, 1.0]
PF3D7_0631400.1,-1,0,6,[0.041826155, 0.0027264652, 0.0042957845, 0.0023153948, 0.004958997, 0.0050109266],[0.95817387, 0.9972735, 0.99570423, 0.9976846, 0.99504107, 0.9949891]
PF3D7_0700400.1,-1,0,6,[6.994923e-05, 2.3403111e-06, 0.0002012059, 5.9953298e-05, 0.00012923453, 6.56087e-05],[0.99993002, 0.99999762, 0.99979883, 0.99994004, 0.99987078, 0.99993443]
PF3D7_1418100.1,-1,0,6,[0.0006257894, 0.00066756632, 0.00083986239, 0.00078751246, 0.0048046722, 0.0013434067],[0.99937421, 0.99933237, 0.99916017, 0.9992125, 0.99519533, 0.99865663]
PF3D7_1253000.1,-1,2,4,[0.98945087, 0.59988374, 0.0088301441, 0.48851159, 6.3230955e-06, 0.0021742354],[0.010549176, 0.40011626, 0.99116981, 0.51148838, 0.99999368, 0.99782568]
PF3D7_0620400.1,-1,0,6,[8.1874879e-07, 0.00016972993, 0.00046944589, 5.9104404e-05, 3.3561284e-06, 0.00010517573],[0.99999917, 0.99983025, 0.99953055, 0.99994087, 0.99999666, 0.99989486]
PF3D7_0425500.1,-1,0,6,[6.878729e-06, 9.1174928e-07, 0.0001248125, 2.4210501e-06, 2.5203755e-05, 7.1507471e-05],[0.99999309, 0.99999905, 0.99987519, 0.99999762, 0.99997485, 0.99992847]
PF3D7_0916100.1,1,6,0,[0.99590176, 0.9998197, 0.993999, 0.98072892, 0.8383463, 0.99970216],[0.0040981849, 0.00018030939, 0.0060010301, 0.019271038, 0.1616537, 0.00029784229]
PF3D7_0405300.1,-1,0,6,[6.9843477e-06, 7.7921084e-07, 0.00044325288, 2.1553733e-06, 2.3948893e-05, 1.0807557e-05],[0.99999297, 0.99999917, 0.99955672, 0.99999785, 0.99997604, 0.99998915]
PF3D7_1105600.1,-1,0,6,[3.6948102e-05, 1.3627719e-05, 1.0868041e-05, 9.2240015e-08, 6.1130039e-09, 4.8023849e-06],[0.99996305, 0.99998641, 0.99998915, 0.99999988, 1.0, 0.99999523]
PF3D7_1252100.1,-1,0,6,[2.3930982e-08, 7.4794304e-09, 4.2984033e-05, 8.9920915e-09, 5.8067468e-10, 2.6488738e-11],[1.0, 1.0, 0.99995697, 1.0, 1.0, 1.0]
PF3D7_0818600.1,-1,0,6,[2.6288806e-05, 2.3103212e-06, 0.0014903197, 3.3973997e-06, 8.3796558e-06, 5.5674016e-05],[0.99997365, 0.99999774, 0.99850971, 0.99999666, 0.99999166, 0.99994433]
PF3D7_1102700.1,-1,0,6,[0.0, 0.0, 0.0, 0.0, 0.0, 0.0],[1.0, 1.0, 1.0, 1.0, 1.0, 1.0]
PF3D7_0300700.1,-1,0,6,[4.4899592e-05, 1.3737286e-05, 0.00011770429, 9.8335986e-05, 9.575508e-05, 4.7252666e-05],[0.99995506, 0.99998629, 0.99988234, 0.99990165, 0.99990427, 0.99995279]
PF3D7_0201400.1,-1,0,6,[4.5014144e-06, 1.4898155e-06, 5.5128847e-05, 2.5832962e-06, 6.3416837e-06, 8.1557619e-06],[0.99999547, 0.99999857, 0.99994493, 0.99999738, 0.99999368, 0.99999189]
PF3D7_0701600.1,-1,0,6,[8.9708437e-06, 0.00010790696, 0.005302466, 0.0024664786, 0.00046095904, 5.7932331e-05],[0.99999106, 0.99989212, 0.99469757, 0.99753356, 0.99953902, 0.99994206]
PF3D7_1101500.1,-1,0,6,[3.2569871e-05, 9.7844546e-05, 0.00045212469, 5.6349319e-05, 0.00019038012, 7.3824769e-05],[0.99996746, 0.99990213, 0.9995479, 0.99994361, 0.99980968, 0.99992621]
PF3D7_1452000.1,-1,0,6,[4.5302849e-07, 5.0151567e-07, 0.00017121056, 2.5063753e-07, 1.1934537e-07, 6.5205803e-08],[0.99999952, 0.99999952, 0.99982882, 0.99999976, 0.99999988, 0.99999988]
PF3D7_0511400.1,-1,0,6,[0.000504656, 0.0002390524, 0.00023889223, 3.6319972e-05, 0.00025354335, 0.00033524656],[0.99949539, 0.99976093, 0.99976116, 0.99996364, 0.9997465, 0.99966478]
PF3D7_0201500.1,-1,0,6,[2.018109e-13, 2.0485209e-06, 0.002041552, 4.5805358e-08, 3.4864626e-12, 7.1258128e-08],[1.0, 0.99999797, 0.99795842, 1.0, 1.0, 0.99999988]
PF3D7_1000500.1,-1,0,6,[8.1180246e-05, 1.1636803e-05, 0.00029952326, 7.5561504e-05, 0.00016700226, 8.2180894e-05],[0.99991882, 0.99998832, 0.99970055, 0.99992442, 0.99983299, 0.99991786]
PF3D7_0101900.1,-1,0,6,[2.5169287e-05, 2.7165581e-05, 0.00015624808, 3.2063712e-05, 3.000576e-05, 2.4853394e-05],[0.99997485, 0.99997282, 0.99984372, 0.99996793, 0.99996996, 0.9999752]
PF3D7_0300900.1,-1,0,6,[8.1148855e-08, 2.3507751e-09, 9.1966605e-05, 8.3301721e-08, 1.1869787e-06, 1.2606313e-06],[0.99999988, 1.0, 0.99990797, 0.99999988, 0.99999881, 0.99999869]
PF3D7_1035400.1,-1,0,6,[0.0, 0.0, 0.0, 0.0, 0.0, 0.0],[1.0, 1.0, 1.0, 1.0, 1.0, 1.0]
PF3D7_0501200.1,-1,0,6,[8.2618461e-16, 3.0453809e-06, 2.8588569e-09, 0.20316947, 1.9543251e-28, 1.1274673e-12],[1.0, 0.9999969, 1.0, 0.79683053, 1.0, 1.0]
PF3D7_0831600.1,-1,0,6,[5.4832476e-09, 1.3659013e-09, 0.00010092252, 5.7180299e-10, 1.4825134e-09, 1.0049711e-08],[1.0, 1.0, 0.99989903, 1.0, 1.0, 1.0]
PF3D7_1101200.1,-1,0,6,[2.0314551e-06, 4.007556e-07, 4.0294664e-05, 7.4017618e-07, 9.6872791e-06, 2.2051149e-06],[0.99999797, 0.99999964, 0.99995971, 0.99999928, 0.99999034, 0.99999785]
PF3D7_0808200.1,-1,0,6,[8.6460638e-08, 2.0680302e-08, 1.3853038e-06, 3.5714693e-09, 2.7655416e-08, 1.3409324e-08],[0.99999988, 1.0, 0.99999857, 1.0, 1.0, 1.0]
PF3D7_1254500.1,-1,0,6,[0.00019571259, 1.0541589e-05, 0.00021981816, 0.00011829198, 0.00014001499, 6.2640866e-05],[0.99980432, 0.99998951, 0.99978024, 0.99988174, 0.99985993, 0.9999373]
PF3D7_1040600.1,-1,0,6,[2.4270491e-06, 1.251962e-06, 3.3293032e-05, 3.7209716e-06, 5.2358755e-06, 3.4181205e-06],[0.99999762, 0.99999869, 0.99996674, 0.9999963, 0.99999475, 0.99999654]
PF3D7_1129100.1,-1,0,6,[0.0, 3.571288e-30, 4.0714318e-24, 1.9358123e-36, 0.0, 4.425606e-31],[1.0, 1.0, 1.0, 1.0, 1.0, 1.0]
PF3D7_0700800.1,-1,0,6,[4.2078268e-06, 0.00022299477, 0.0027217956, 9.0775553e-05, 9.6074742e-05, 5.7752681e-05],[0.99999583, 0.99977702, 0.99727827, 0.99990916, 0.99990392, 0.9999423]
PF3D7_1000600.1,-1,0,6,[1.7887857e-08, 4.1610665e-08, 0.00019028518, 2.072777e-08, 2.5716326e-07, 3.3433682e-07],[1.0, 1.0, 0.99980968, 1.0, 0.99999976, 0.99999964]
PF3D7_1254600.1,-1,0,6,[3.2675864e-05, 2.08708e-06, 0.00016957575, 2.9217739e-05, 7.5204087e-05, 4.4240929e-05],[0.99996734, 0.99999785, 0.99983037, 0.99997079, 0.99992478, 0.99995577]
PF3D7_0700200.1,-1,0,6,[6.0191778e-05, 2.3383738e-05, 0.00019259627, 5.6215456e-05, 9.5581658e-05, 4.6320245e-05],[0.9999398, 0.99997663, 0.99980742, 0.99994373, 0.99990439, 0.99995363]
PF3D7_1017300.2,-1,0,6,[5.717314e-05, 4.0227446e-06, 0.097704679, 2.4832461e-08, 1.8942181e-06, 0.00070960447],[0.99994278, 0.99999595, 0.90229529, 1.0, 0.99999809, 0.99929035]
PF3D7_0220600.1,-1,0,6,[2.4803356e-07, 0.21502717, 0.00028061733, 0.014445007, 1.1983563e-10, 0.00049399375],[0.99999976, 0.78497279, 0.99971932, 0.98555493, 1.0, 0.999506]
PF3D7_0903800.1,-1,0,6,[5.8429209e-06, 9.3375036e-08, 9.0827765e-05, 1.4621068e-06, 1.248873e-05, 2.9138826e-06],[0.99999416, 0.99999988, 0.99990916, 0.99999857, 0.99998748, 0.99999714]
PF3D7_0911900.1,-1,0,6,[1.34277e-23, 9.0288079e-15, 1.5247585e-09, 2.0096435e-20, 1.4613099e-23, 7.7575785e-18],[1.0, 1.0, 1.0, 1.0, 1.0, 1.0]
PF3D7_0631300.1,-1,0,6,[3.1769418e-05, 6.5031549e-07, 0.00028709593, 6.5375561e-06, 9.9543046e-05, 6.6227985e-06],[0.99996817, 0.9999994, 0.99971288, 0.99999344, 0.99990046, 0.99999332]
PF3D7_0513700.1,-1,0,6,[2.0040377e-05, 1.1030062e-06, 0.00039178101, 1.1808246e-05, 3.7940234e-05, 1.863985e-05],[0.99997997, 0.99999893, 0.99960822, 0.9999882, 0.99996209, 0.9999814]
PF3D7_0718300.1,-1,0,6,[0.00015255566, 0.010390668, 0.00087311881, 0.001543234, 0.004601615, 0.00079529936],[0.99984741, 0.98960936, 0.99912685, 0.99845672, 0.99539834, 0.9992047]
PF3D7_1201000.1,-1,0,6,[0.0, 0.0, 0.0, 0.0, 0.0, 0.0],[1.0, 1.0, 1.0, 1.0, 1.0, 1.0]
PF3D7_0902400.1,-1,0,6,[0.00015727841, 0.037850358, 0.15087681, 0.00013323109, 0.0012380093, 0.012834323],[0.99984264, 0.96214968, 0.84912324, 0.99986672, 0.99876201, 0.98716563]
PF3D7_0808800.1,-1,0,6,[1.1745934e-05, 5.0532765e-07, 0.0001144264, 8.6380205e-06, 2.0783666e-05, 1.0370047e-05],[0.9999882, 0.99999952, 0.99988556, 0.99999142, 0.99997926, 0.99998963]
PF3D7_0631900.1,-1,0,6,[0.00014554399, 3.8149265e-06, 0.000377599, 5.5054978e-05, 0.00057092542, 0.00028623338],[0.99985445, 0.99999619, 0.99962234, 0.99994493, 0.99942905, 0.99971372]
PF3D7_1455800.1,-1,0,6,[7.8325875e-06, 1.1232645e-06, 0.00037716265, 2.6377743e-06, 1.3530762e-05, 5.1413181e-06],[0.99999213, 0.99999893, 0.99962282, 0.99999738, 0.99998641, 0.99999487]
PF3D7_0115400.1,-1,0,6,[4.1517364e-05, 4.6478267e-06, 0.00023265556, 4.0058421e-05, 0.00012080574, 4.1472169e-05],[0.99995852, 0.99999535, 0.99976736, 0.99995995, 0.99987912, 0.99995852]
PF3D7_0101300.1,-1,0,6,[2.6041658e-05, 0.030079832, 0.015363451, 0.00085752673, 0.00050603045, 0.0024957592],[0.99997401, 0.96992022, 0.98463655, 0.99914241, 0.99949396, 0.99750429]
PF3D7_0819200.1,-1,0,6,[2.0735873e-05, 1.3673581e-05, 0.00047622481, 1.7046583e-05, 0.00014682724, 1.4873715e-05],[0.99997926, 0.99998629, 0.99952376, 0.99998295, 0.99985313, 0.9999851]
PF3D7_1101600.1,-1,0,6,[0.00073261751, 0.0010013088, 0.00114567, 0.0008433219, 0.0010835212, 0.00070595369],[0.9992674, 0.9989987, 0.99885428, 0.99915671, 0.99891651, 0.99929404]
PF3D7_1036000.1,-1,0,6,[3.3992772e-10, 1.9412463e-11, 1.5197906e-09, 2.113863e-13, 2.3648916e-13, 4.6078968e-14],[1.0, 1.0, 1.0, 1.0, 1.0, 1.0]
PF3D7_1250100.1,-1,0,6,[7.7945027e-05, 1.0599158e-05, 0.00044658367, 5.2763004e-05, 0.00017978768, 4.6346402e-05],[0.99992204, 0.99998939, 0.99955338, 0.99994719, 0.99982029, 0.99995363]
PF3D7_0832400.1,-1,0,6,[5.3991826e-05, 2.4860503e-06, 0.00024986803, 4.7796373e-05, 0.00012646566, 0.00010445072],[0.999946, 0.9999975, 0.99975008, 0.9999522, 0.99987352, 0.99989557]
PF3D7_0900600.1,-1,0,6,[1.7321316e-05, 3.1375394e-06, 0.00012737369, 2.1777125e-05, 5.2564428e-05, 1.6703876e-05],[0.99998271, 0.9999969, 0.99987257, 0.99997818, 0.99994743, 0.99998331]
PF3D7_0223200.1,-1,0,6,[1.6480062e-05, 5.1993329e-06, 6.9576949e-05, 9.5039168e-06, 3.4439243e-05, 1.6367494e-05],[0.99998355, 0.99999475, 0.99993038, 0.99999046, 0.99996555, 0.99998367]
PF3D7_0423800.1,-1,0,6,[0.0001503823, 3.9001055e-08, 0.00053835957, 4.5089277e-07, 8.7645058e-06, 2.3493441e-05],[0.99984956, 1.0, 0.99946159, 0.99999952, 0.99999118, 0.99997652]
PF3D7_1030200.1,-1,0,6,[8.0132776e-07, 4.6755382e-09, 0.00014874058, 3.4107828e-08, 2.5740594e-06, 7.3754094e-08],[0.99999917, 1.0, 0.99985123, 1.0, 0.99999738, 0.99999988]
PF3D7_0930300.1,-1,0,6,[0.0, 0.0, 0.0, 0.0, 0.0, 0.0],[1.0, 1.0, 1.0, 1.0, 1.0, 1.0]
PF3D7_1035300.1,-1,0,6,[2.3800897e-06, 2.2974256e-05, 0.00011272824, 3.9421e-05, 2.7027517e-07, 1.2294095e-06],[0.99999762, 0.99997699, 0.99988723, 0.99996054, 0.99999976, 0.99999881]
PF3D7_1124000.1,-1,0,6,[3.813595e-06, 1.0566575e-08, 0.0036688887, 2.6954129e-07, 4.9669308e-07, 2.2676159e-05],[0.99999619, 1.0, 0.99633116, 0.99999976, 0.99999952, 0.99997735]
PF3D7_1373300.1,-1,0,6,[1.8365663e-06, 2.1067626e-07, 4.3144028e-05, 8.2533484e-07, 9.1983129e-06, 2.9539601e-06],[0.99999821, 0.99999976, 0.99995685, 0.99999917, 0.99999082, 0.99999702]
PF3D7_0620000.1,-1,0,6,[2.6266205e-05, 5.3365635e-05, 0.00030484048, 4.6743575e-05, 0.00020217571, 6.0097831e-05],[0.99997377, 0.99994659, 0.99969518, 0.99995327, 0.99979788, 0.99993992]
PF3D7_1344200.1,-1,0,6,[5.4309318e-10, 3.9539404e-06, 7.2337461e-06, 1.6585288e-06, 8.9577312e-10, 1.6953018e-07],[1.0, 0.99999607, 0.99999273, 0.99999833, 1.0, 0.99999988]
PF3D7_0501600.1,-1,0,6,[1.365749e-22, 7.4863403e-31, 2.9105631e-14, 2.3723238e-35, 9.928712e-27, 1.7572658e-37],[1.0, 1.0, 1.0, 1.0, 1.0, 1.0]
PF3D7_0833100.1,-1,0,6,[4.3302229e-05, 3.5834439e-06, 0.00011946648, 4.9235798e-05, 9.133439e-05, 2.4891748e-05],[0.99995673, 0.99999642, 0.99988055, 0.99995077, 0.99990869, 0.99997509]
PF3D7_0501500.1,-1,0,6,[2.9587598e-15, 3.9512062e-20, 1.1265704e-09, 1.0012594e-23, 2.2379911e-18, 8.4341513e-24],[1.0, 1.0, 1.0, 1.0, 1.0, 1.0]
PF3D7_1334600.1,-1,0,6,[3.3017361e-07, 4.2457028e-08, 0.0011330702, 2.2559861e-07, 1.4863053e-08, 7.8259573e-06],[0.99999964, 1.0, 0.99886692, 0.99999976, 1.0, 0.99999213]
PF3D7_0208900.1,-1,0,6,[6.361819e-06, 0.00048383107, 0.00021083158, 1.6261154e-05, 4.4338074e-05, 9.8132528e-05],[0.99999368, 0.99951613, 0.99978918, 0.99998379, 0.99995565, 0.99990189]
PF3D7_1422500.1,-1,1,5,[0.8997668, 0.0008992271, 0.090918191, 0.0074236034, 0.0011295296, 0.0017155354],[0.1002332, 0.9991008, 0.90908182, 0.99257642, 0.99887043, 0.9982844]
PF3D7_1302200.1,-1,0,6,[0.091612391, 0.25525522, 0.054325338, 0.030851139, 0.022874035, 0.17924483],[0.9083876, 0.74474478, 0.94567466, 0.96914893, 0.977126, 0.82075518]
PF3D7_1100800.1,-1,0,6,[1.1145743e-05, 2.8270557e-05, 0.0010514416, 8.7685276e-06, 9.5741292e-05, 4.6459951e-05],[0.99998891, 0.99997175, 0.99894863, 0.99999118, 0.99990427, 0.99995351]
PF3D7_0207000.1,-1,0,6,[0.0, 0.0, 0.0, 0.0, 0.0, 0.0],[1.0, 1.0, 1.0, 1.0, 1.0, 1.0]
PF3D7_0302500.1,-1,0,6,[2.5142797e-21, 1.4009133e-29, 4.7688638e-13, 2.0121713e-31, 2.7661454e-25, 2.2648446e-35],[1.0, 1.0, 1.0, 1.0, 1.0, 1.0]
PF3D7_0808900.1,-1,0,6,[1.1319759e-05, 1.1668245e-06, 8.3473671e-05, 1.640273e-05, 3.0020301e-05, 1.1173114e-05],[0.99998868, 0.99999881, 0.99991655, 0.99998355, 0.99996996, 0.99998879]
PF3D7_0900300.1,-1,0,6,[1.6236324e-06, 4.595947e-07, 2.4292478e-05, 1.3322287e-06, 4.6044324e-06, 1.6984653e-06],[0.99999833, 0.99999952, 0.99997568, 0.99999869, 0.99999535, 0.99999833]
PF3D7_0424100.1,-1,0,6,[2.9107814e-09, 1.0938522e-09, 7.1927769e-07, 5.9024292e-11, 1.1433274e-09, 8.4539291e-09],[1.0, 1.0, 0.99999928, 1.0, 1.0, 1.0]
PF3D7_1410400.1,-1,0,6,[0.0, 0.0, 2.3286664e-36, 0.0, 0.0, 0.0],[1.0, 1.0, 1.0, 1.0, 1.0, 1.0]
PF3D7_1480000.1,-1,0,6,[1.359003e-05, 1.1281739e-06, 0.00013959056, 1.327207e-05, 6.3623309e-05, 1.4650527e-05],[0.99998641, 0.99999893, 0.99986041, 0.99998677, 0.99993634, 0.99998534]
PF3D7_0101800.1,-1,0,6,[0.00014495081, 6.0236925e-06, 0.0003687093, 0.00030435377, 0.00020310062, 0.00011818283],[0.99985504, 0.99999392, 0.99963129, 0.99969566, 0.99979693, 0.99988174]
PF3D7_1400200.1,-1,0,6,[3.3040662e-05, 1.2337798e-05, 0.00017125985, 3.1656429e-05, 0.00011341398, 3.9709343e-05],[0.99996698, 0.99998772, 0.9998287, 0.99996829, 0.99988663, 0.9999603]
PF3D7_0935800.1,-1,0,6,[4.4438355e-19, 5.9665002e-28, 4.1272437e-12, 4.2774637e-25, 4.7809341e-23, 4.3425383e-32],[1.0, 1.0, 1.0, 1.0, 1.0, 1.0]
PF3D7_0701700.1,-1,0,6,[3.3741184e-05, 6.7156873e-07, 0.00028752928, 6.9030575e-06, 0.00010481709, 6.8315421e-06],[0.99996626, 0.99999928, 0.99971241, 0.99999309, 0.99989522, 0.99999321]
PF3D7_0923300.1,-1,0,6,[5.1754391e-06, 5.4811477e-07, 0.00024934637, 1.0485285e-06, 8.2843062e-06, 5.708082e-06],[0.99999487, 0.9999994, 0.99975067, 0.99999893, 0.99999177, 0.99999428]
PF3D7_0901600.1,-1,0,6,[2.809473e-05, 1.6755491e-06, 0.0001578388, 3.1278418e-05, 4.5675009e-05, 4.4813314e-05],[0.99997187, 0.99999833, 0.99984217, 0.99996877, 0.99995434, 0.99995518]
PF3D7_1147800.1,-1,0,6,[1.042363e-06, 8.3645818e-06, 0.0051400843, 1.5590322e-07, 3.1496843e-06, 0.00059705367],[0.99999893, 0.99999166, 0.99485993, 0.99999988, 0.9999969, 0.999403]
PF3D7_1039800.1,-1,0,6,[0.00081830856, 0.0012522526, 0.0012934093, 0.00099343958, 0.0011592204, 0.00084192154],[0.99918169, 0.99874771, 0.99870658, 0.99900657, 0.99884075, 0.99915802]
PF3D7_1212500.1,-1,0,6,[0.0028694335, 0.0060717436, 0.15365458, 0.0012886653, 8.2037215e-05, 0.00082616194],[0.99713057, 0.99392819, 0.84634548, 0.99871135, 0.99991798, 0.99917382]
PF3D7_0115600.1,-1,0,6,[6.0677263e-07, 2.5414056e-07, 9.4750583e-05, 8.1149841e-07, 4.0281884e-06, 6.9994444e-06],[0.9999994, 0.99999976, 0.99990523, 0.99999917, 0.99999595, 0.99999297]
PF3D7_1454400.1,-1,1,5,[3.1800412e-06, 0.99756634, 0.03084264, 0.0015191691, 1.0737049e-08, 0.00032202425],[0.99999678, 0.0024336665, 0.96915734, 0.99848086, 1.0, 0.99967802]
PF3D7_0601000.1,-1,0,6,[3.2920987e-05, 0.00013117082, 0.00049512892, 5.59773e-05, 0.0001903213, 8.2614148e-05],[0.9999671, 0.99986887, 0.9995048, 0.99994397, 0.99980968, 0.99991739]
PF3D7_1254100.1,-1,0,6,[4.7139922e-05, 2.6708992e-06, 0.00022885665, 5.3368432e-05, 0.00012186603, 8.3494291e-05],[0.99995291, 0.99999738, 0.99977118, 0.99994659, 0.99987817, 0.99991655]
PF3D7_1116800.1,-1,0,6,[1.1177483e-16, 1.8481183e-19, 3.6305677e-18, 3.2275562e-17, 8.1468456e-20, 6.3607708e-18],[1.0, 1.0, 1.0, 1.0, 1.0, 1.0]
PF3D7_0413200.1,-1,0,6,[1.9247092e-05, 1.7861857e-05, 0.00034596192, 4.0990042e-05, 7.5560929e-05, 2.9098117e-05],[0.99998081, 0.99998212, 0.99965405, 0.99995899, 0.99992442, 0.99997091]
PF3D7_0937400.1,-1,0,6,[3.7871342e-07, 1.8082569e-07, 2.4514402e-05, 6.0159039e-07, 2.9772534e-06, 8.9781679e-07],[0.99999964, 0.99999976, 0.99997544, 0.9999994, 0.99999702, 0.99999905]
PF3D7_0830300.1,-1,0,6,[0.0001633354, 0.00016459252, 0.0033965234, 3.7680368e-06, 0.00010351983, 0.00037040107],[0.99983668, 0.99983537, 0.99660349, 0.99999619, 0.99989653, 0.99962962]
PF3D7_0507500.1,-1,0,6,[1.4656721e-09, 1.9113433e-11, 1.7758886e-07, 4.6035792e-12, 1.3225216e-09, 1.1059902e-10],[1.0, 1.0, 0.99999988, 1.0, 1.0, 1.0]
PF3D7_0421200.1,-1,0,6,[7.3375631e-06, 1.9296307e-05, 0.00015201607, 1.8436191e-05, 1.858667e-05, 8.0071595e-06],[0.99999261, 0.99998069, 0.99984801, 0.99998152, 0.9999814, 0.99999201]
PF3D7_1149300.1,-1,0,6,[0.0018543334, 3.8453682e-06, 0.00088320073, 4.6817804e-05, 0.0070108855, 0.0013016935],[0.9981457, 0.99999619, 0.99911684, 0.99995315, 0.99298906, 0.99869823]
PF3D7_0500400.1,-1,0,6,[6.8746499e-06, 7.2423263e-06, 0.00011312721, 1.2139167e-05, 2.7346568e-05, 1.5141547e-05],[0.99999309, 0.99999273, 0.99988687, 0.99998784, 0.9999727, 0.99998486]
PF3D7_1479000.1,-1,0,6,[3.6044767e-05, 7.5323273e-06, 0.00021118831, 1.812076e-05, 0.00013116181, 1.5634123e-05],[0.999964, 0.99999249, 0.99978882, 0.99998188, 0.99986887, 0.99998438]
PF3D7_0621350.1,-1,0,6,[0.00064312882, 8.3340201e-05, 0.00094726833, 2.4346493e-05, 0.00019316694, 0.00014732187],[0.99935693, 0.99991667, 0.9990527, 0.99997568, 0.99980682, 0.99985266]
PF3D7_0301300.1,-1,0,6,[2.5590595e-08, 2.7726756e-09, 4.5861107e-05, 8.3376079e-09, 4.157105e-07, 5.4592815e-06],[1.0, 1.0, 0.9999541, 1.0, 0.99999964, 0.99999452]
PF3D7_0221200.1,-1,0,6,[0.12991446, 1.6485809e-10, 1.5721422e-05, 6.4440734e-05, 8.2478618e-06, 3.4027821e-09],[0.87008554, 1.0, 0.99998426, 0.99993551, 0.99999177, 1.0]
PF3D7_1036300.1,-1,0,6,[6.0240372e-06, 6.8680711e-06, 0.00020193875, 9.488359e-06, 9.6731364e-06, 5.1137984e-05],[0.99999392, 0.99999309, 0.99979812, 0.99999046, 0.99999034, 0.99994886]
PF3D7_1320000.1,-1,0,6,[2.2452795e-08, 1.4502179e-07, 0.00017224065, 1.0029136e-10, 8.5125675e-09, 1.3039475e-07],[1.0, 0.99999988, 0.99982774, 1.0, 1.0, 0.99999988]
PF3D7_1311800.1,-1,0,6,[1.7188985e-14, 2.1846086e-08, 6.0573075e-07, 0.38227367, 1.5046861e-23, 3.2040801e-11],[1.0, 1.0, 0.9999994, 0.61772639, 1.0, 1.0]
PF3D7_1149800.1,-1,0,6,[8.9978573e-07, 1.2243654e-06, 5.972806e-05, 9.7650229e-07, 5.0117133e-06, 2.6250336e-06],[0.99999905, 0.99999881, 0.99994028, 0.99999905, 0.99999499, 0.99999738]
PF3D7_0222200.1,-1,0,6,[0.00074104703, 0.00099186297, 0.0011442989, 0.00084155472, 0.0011005056, 0.00069297873],[0.99925894, 0.99900812, 0.99885571, 0.9991585, 0.99889946, 0.99930704]
PF3D7_0113300.1,-1,0,6,[2.0921546e-07, 5.1875965e-08, 1.0259706e-05, 1.7689246e-07, 1.3373128e-06, 4.3863465e-06],[0.99999976, 1.0, 0.99998975, 0.99999988, 0.99999869, 0.99999559]
PF3D7_1479400.1,-1,0,6,[1.562721e-06, 9.1969804e-07, 2.9244724e-05, 4.7244777e-07, 5.1271627e-06, 2.5277129e-06],[0.99999845, 0.99999905, 0.99997079, 0.99999952, 0.99999487, 0.9999975]
PF3D7_0631600.1,-1,0,6,[2.9953329e-05, 8.324712e-05, 0.00043395421, 5.3356423e-05, 0.00017895749, 6.9314578e-05],[0.99997008, 0.99991679, 0.99956602, 0.99994659, 0.99982113, 0.99993074]
