Verdict,positive votes,negative votes,positive probs,negative probsPF3D7_0521400.1,1,6,0,[1.0, 1.0, 0.99986172, 0.99999988, 0.99999988, 0.99999869],[1.5868451e-08, 1.2687463e-08, 0.0001383216, 7.7808821e-08, 6.3371886e-08, 1.2993054e-06]
PF3D7_0930100.1,1,6,0,[1.0, 0.99999213, 0.99962306, 0.99999952, 0.99999988, 0.99999475],[3.4337265e-08, 7.8417952e-06, 0.00037693654, 5.0847473e-07, 6.7540384e-08, 5.2837595e-06]
PF3D7_0520800.1,1,6,0,[0.99999917, 1.0, 0.99958688, 0.9999963, 0.99988258, 0.99996161],[8.2111654e-07, 2.8294131e-08, 0.00041314535, 3.6394233e-06, 0.00011744049, 3.8359958e-05]
PF3D7_1436800.1,1,6,0,[1.0, 0.99999988, 0.99998879, 1.0, 1.0, 0.99999988],[7.4874731e-11, 1.0269178e-07, 1.1217444e-05, 1.6711481e-09, 3.5289784e-09, 1.3226995e-07]
PF3D7_1344600.1,1,6,0,[1.0, 0.99999058, 0.9998697, 0.99999988, 0.99999964, 0.9999975],[6.3245671e-09, 9.4217776e-06, 0.00013026611, 9.8296923e-08, 3.0511904e-07, 2.4500368e-06]
PF3D7_0823600.1,1,6,0,[0.9988147, 0.99082255, 0.69510919, 0.99197525, 0.99983168, 0.71544075],[0.0011853091, 0.0091774594, 0.30489087, 0.0080247, 0.00016832518, 0.28455925]
PF3D7_1358300.1,1,6,0,[0.99999928, 0.99999011, 0.99970883, 0.99999571, 0.99999392, 0.99999464],[6.5780296e-07, 9.8958508e-06, 0.00029111904, 4.2772299e-06, 6.0748175e-06, 5.3383947e-06]
PF3D7_0704900.1,1,6,0,[0.99997139, 0.99987364, 0.99512321, 0.99992049, 0.99999535, 0.99949014],[2.8609957e-05, 0.00012630549, 0.004876764, 7.9468664e-05, 4.6335763e-06, 0.00050981576]
PF3D7_1472700.1,1,6,0,[0.99998128, 0.99959809, 0.9990477, 0.9999361, 0.99999154, 0.99995983],[1.8673727e-05, 0.00040187332, 0.00095225114, 6.3943917e-05, 8.4406502e-06, 4.0179086e-05]
PF3D7_0827500.1,1,6,0,[0.99997032, 0.99931598, 0.95337778, 0.99897444, 0.97421658, 0.99845791],[2.971389e-05, 0.00068405597, 0.046622269, 0.0010255225, 0.025783414, 0.0015420773]
PF3D7_1413400.1,1,6,0,[1.0, 1.0, 0.99991786, 1.0, 1.0, 0.99999988],[6.3142487e-13, 9.8679487e-10, 8.2166625e-05, 3.992392e-10, 8.4949363e-09, 6.2015083e-08]
PF3D7_1120500.1,1,6,0,[1.0, 1.0, 0.99976736, 1.0, 1.0, 0.99999857],[8.6941782e-10, 5.4901963e-09, 0.00023267773, 2.9647923e-08, 2.4138314e-09, 1.4007059e-06]
PF3D7_0820800.1,1,6,0,[0.99992001, 0.99987102, 0.99942434, 0.99998713, 0.9999969, 0.9999572],[7.9960257e-05, 0.00012901524, 0.00057574356, 1.2927317e-05, 3.0980418e-06, 4.2847631e-05]
PF3D7_1416800.1,1,6,0,[0.99999273, 0.99999106, 0.99191332, 0.99993408, 0.99998641, 0.99987471],[7.324008e-06, 8.9386649e-06, 0.0080866776, 6.5909822e-05, 1.3565078e-05, 0.0001253325]
PF3D7_0414100.1,1,6,0,[0.99999869, 0.99991906, 0.99666047, 0.99993682, 0.99999893, 0.99991941],[1.3461815e-06, 8.0947793e-05, 0.0033395963, 6.3181338e-05, 1.0268625e-06, 8.0563914e-05]
PF3D7_1114800.1,1,6,0,[0.65360141, 0.94809115, 0.9560675, 0.98442864, 0.88472128, 0.96501768],[0.34639865, 0.051908899, 0.043932509, 0.015571325, 0.1152787, 0.034982353]
PF3D7_1251700.1,1,6,0,[0.99901986, 0.99976784, 0.99912494, 0.9892897, 0.99310994, 0.99906152],[0.00098016986, 0.00023212156, 0.0008750991, 0.010710302, 0.0068900553, 0.00093843025]
PF3D7_1232000.1,1,6,0,[0.99986875, 0.99998808, 0.99884355, 0.99988592, 0.99998164, 0.99992025],[0.0001312042, 1.1873593e-05, 0.001156404, 0.00011407277, 1.8386852e-05, 7.9780359e-05]
PF3D7_1427000.1,1,6,0,[1.0, 1.0, 0.99986506, 1.0, 1.0, 0.9999969],[3.1400813e-08, 1.3365016e-09, 0.0001349364, 1.1528294e-08, 6.1697802e-09, 3.0872384e-06]
PF3D7_0811900.1,1,6,0,[0.99999797, 0.9999994, 0.99899083, 0.99999511, 0.99998963, 0.99994528],[2.0307075e-06, 6.4826713e-07, 0.0010091854, 4.8840343e-06, 1.0346309e-05, 5.4690201e-05]
PF3D7_0906200.1,1,6,0,[0.99999976, 0.99990523, 0.99975926, 0.99999917, 0.99999988, 0.9999913],[2.319095e-07, 9.478999e-05, 0.00024070918, 8.3023008e-07, 8.5031587e-08, 8.68406e-06]
PF3D7_0206100.1,1,6,0,[1.0, 1.0, 0.99866509, 0.99999952, 0.99999893, 0.99999452],[2.5331561e-08, 5.4980795e-08, 0.0013349215, 4.5238048e-07, 1.0789121e-06, 5.5001319e-06]
PF3D7_0529300.1,1,6,0,[0.99999142, 0.99996483, 0.99832875, 0.9999752, 0.99999547, 0.99994981],[8.6288737e-06, 3.5190147e-05, 0.0016713159, 2.4822933e-05, 4.5085508e-06, 5.0185488e-05]
PF3D7_1037100.1,1,6,0,[0.99999905, 0.99999988, 0.99553597, 0.99986696, 0.99985158, 0.9998067],[9.9825991e-07, 6.7017851e-08, 0.0044640889, 0.00013301834, 0.00014837073, 0.00019332136]
PF3D7_0604700.1,1,6,0,[1.0, 0.99999988, 0.99970978, 1.0, 0.99999893, 0.99999905],[4.3964024e-09, 1.2343573e-07, 0.00029018876, 2.191106e-08, 1.0420151e-06, 9.2797444e-07]
PF3D7_1217300.1,1,6,0,[0.99999964, 1.0, 0.99986768, 0.99999988, 0.99999642, 0.9999876],[3.035176e-07, 1.5858982e-08, 0.00013232458, 1.141668e-07, 3.6271474e-06, 1.2374149e-05]
PF3D7_1015200.2,1,6,0,[0.99986255, 0.99997544, 0.82355314, 0.99974054, 0.97501862, 0.98588157],[0.00013740153, 2.4565912e-05, 0.17644686, 0.00025942622, 0.024981346, 0.014118391]
PF3D7_0414700.1,1,6,0,[0.9986369, 0.99972647, 0.98153174, 0.99592268, 0.96071422, 0.99973196],[0.0013630826, 0.00027348532, 0.018468279, 0.0040773619, 0.039285704, 0.0002679803]
PF3D7_1358000.1,1,6,0,[1.0, 0.99998033, 0.99935359, 0.99999988, 0.9999994, 0.9999907],[4.7948858e-09, 1.9652261e-05, 0.00064642599, 7.3555867e-08, 6.5312105e-07, 9.2571145e-06]
PF3D7_1352000.1,1,6,0,[0.99999964, 0.99999905, 0.99872798, 0.99999881, 0.99999821, 0.9999584],[3.3999751e-07, 1.010904e-06, 0.001271978, 1.2247624e-06, 1.8162449e-06, 4.1626899e-05]
PF3D7_0913900.1,1,6,0,[0.99999535, 0.99976832, 0.99773932, 0.99997437, 0.99999738, 0.99983978],[4.6768882e-06, 0.00023171979, 0.002260644, 2.5574316e-05, 2.6472017e-06, 0.00016019196]
PF3D7_1443900.1,1,6,0,[0.99998045, 1.0, 0.99886811, 0.99999774, 0.99969184, 0.99997175],[1.960298e-05, 6.1808253e-10, 0.0011318674, 2.2448785e-06, 0.00030817292, 2.8259776e-05]
PF3D7_0411200.1,1,6,0,[1.0, 0.99999976, 0.99984872, 0.99999964, 1.0, 0.99999738],[1.3063213e-09, 2.7159783e-07, 0.00015130342, 3.0573889e-07, 8.4197342e-09, 2.6561258e-06]
PF3D7_1307600.1,1,6,0,[0.99999988, 0.99999976, 0.9987753, 0.99999952, 0.99999404, 0.99998689],[1.1886308e-07, 2.1930423e-07, 0.0012246975, 5.2889345e-07, 5.9446534e-06, 1.3125456e-05]
PF3D7_0209300.1,1,6,0,[0.99991953, 0.99994934, 0.99751115, 0.99991691, 0.99979502, 0.99973124],[8.044883e-05, 5.0665487e-05, 0.0024888036, 8.3041923e-05, 0.00020500066, 0.00026868589]
PF3D7_1363700.1,1,6,0,[0.99999487, 0.99999177, 0.99951792, 0.99990332, 0.99998283, 0.99978274],[5.1451734e-06, 8.2016786e-06, 0.00048208493, 9.6686286e-05, 1.711211e-05, 0.0002172563]
PF3D7_1329700.1,-1,0,6,[2.983223e-05, 1.0248998e-05, 0.00047156482, 7.9970478e-06, 2.7324591e-05, 2.5303772e-05],[0.9999702, 0.99998975, 0.99952841, 0.99999201, 0.9999727, 0.99997473]
PF3D7_0111500.1,-1,2,4,[0.0063785547, 3.2820358e-10, 0.043920349, 0.58912486, 0.0026557117, 0.84840655],[0.99362141, 1.0, 0.9560796, 0.41087517, 0.99734432, 0.15159348]
PF3D7_0305000.1,1,6,0,[0.9407745, 0.9875474, 0.95282298, 0.67289662, 0.74267149, 0.88990587],[0.059225429, 0.012452549, 0.047176998, 0.32710341, 0.25732851, 0.11009409]
PF3D7_0624400.1,1,6,0,[0.99984932, 0.99999988, 0.99697435, 0.99999416, 0.98742002, 0.99980825],[0.00015062613, 6.0919156e-08, 0.0030256221, 5.8967612e-06, 0.012580009, 0.00019174717]
PF3D7_1232100.1,1,6,0,[0.99999988, 1.0, 0.99998295, 1.0, 0.99999988, 0.99999976],[1.2053415e-07, 5.977692e-11, 1.7054226e-05, 1.2586644e-11, 1.442433e-07, 1.7928508e-07]
PF3D7_1405400.1,1,6,0,[0.99990284, 0.99980992, 0.99537718, 0.9975062, 0.9998129, 0.99947315],[9.7121607e-05, 0.00019005219, 0.0046227798, 0.0024937724, 0.00018710304, 0.00052686414]
PF3D7_1446400.1,1,6,0,[0.99924541, 0.99883729, 0.97834593, 0.99695385, 0.99594104, 0.99866843],[0.00075457606, 0.0011627194, 0.021654034, 0.0030461606, 0.0040590023, 0.0013316243]
PF3D7_0316300.2,1,6,0,[1.0, 0.99999976, 0.94839501, 1.0, 0.9999243, 0.99995923],[5.8449868e-20, 1.8058856e-07, 0.051605035, 3.4518582e-11, 7.5722506e-05, 4.0751118e-05]
PF3D7_1338600.1,1,6,0,[0.99999905, 0.99960178, 0.99834943, 0.99996448, 0.98659211, 0.99996138],[9.0471093e-07, 0.00039828714, 0.0016505433, 3.5472225e-05, 0.013407892, 3.8671871e-05]
PF3D7_0211400.1,1,4,2,[0.64858109, 0.4256902, 0.047409911, 0.51594937, 0.92364842, 0.62463027],[0.35141891, 0.57430971, 0.95259005, 0.48405069, 0.076351553, 0.3753697]
PF3D7_1469000.1,1,6,0,[0.99999738, 1.0, 0.99816233, 0.99999726, 0.9996525, 0.99999809],[2.6456344e-06, 6.4983752e-10, 0.0018377012, 2.8000845e-06, 0.00034753562, 1.9080353e-06]
PF3D7_0420200.1,-1,0,6,[0.32550213, 0.00053635589, 0.057176869, 0.0079847686, 0.29714927, 0.0031983485],[0.6744979, 0.99946362, 0.94282317, 0.99201524, 0.70285076, 0.99680161]
PF3D7_0907900.1,1,4,2,[0.4467864, 0.22826031, 0.99871778, 0.99807823, 0.83667493, 0.99691343],[0.5532136, 0.77173966, 0.0012822573, 0.0019217234, 0.16332506, 0.0030865769]
PF3D7_1312000.1,-1,1,5,[0.0024324236, 0.62834322, 0.010853562, 0.025371529, 0.15983628, 0.16461892],[0.99756765, 0.37165684, 0.98914647, 0.97462851, 0.84016371, 0.83538109]
PF3D7_0707800.1,1,6,0,[1.0, 1.0, 0.99888521, 0.99999988, 0.99999964, 0.99999738],[1.063155e-08, 4.6419411e-09, 0.0011148014, 7.2057261e-08, 3.7574907e-07, 2.6735497e-06]
PF3D7_1333200.1,1,6,0,[0.99987996, 0.99999917, 0.99899882, 0.99999595, 0.99994493, 0.99990249],[0.00011998512, 8.1910417e-07, 0.0010011517, 4.0890177e-06, 5.5093162e-05, 9.7444899e-05]
PF3D7_0806900.1,1,6,0,[0.99999952, 0.99995625, 0.99795222, 0.99997675, 0.99998212, 0.99995577],[4.593997e-07, 4.37091e-05, 0.0020476882, 2.3205837e-05, 1.7864515e-05, 4.4213724e-05]
PF3D7_0416100.1,1,6,0,[1.0, 1.0, 0.99978536, 0.99999952, 0.99999487, 0.9999975],[4.3915268e-08, 2.5717032e-08, 0.00021469503, 4.9755783e-07, 5.1055226e-06, 2.4556814e-06]
PF3D7_0622700.1,1,6,0,[0.99900156, 0.99876654, 0.99861693, 0.99885619, 0.99980634, 0.99960321],[0.00099845475, 0.0012335014, 0.0013830542, 0.0011438074, 0.00019371678, 0.00039675689]
PF3D7_1437100.1,1,6,0,[1.0, 0.99999821, 0.99959379, 0.99999976, 0.99998903, 0.99999428],[3.011916e-09, 1.7353935e-06, 0.00040619713, 1.8440113e-07, 1.1013612e-05, 5.693707e-06]
PF3D7_1216000.1,1,6,0,[0.99999869, 1.0, 0.99987471, 0.99999583, 0.99999785, 0.99999225],[1.2536262e-06, 1.8076762e-09, 0.00012531935, 4.2127572e-06, 2.1035355e-06, 7.7167097e-06]
PF3D7_1244400.1,1,6,0,[0.99895716, 0.99999857, 0.99452138, 0.99983609, 0.99786597, 0.99909461],[0.0010428185, 1.3922092e-06, 0.0054785567, 0.0001638417, 0.0021340125, 0.00090542412]
PF3D7_0628800.1,1,6,0,[0.9999994, 0.99999475, 0.99821681, 0.99996185, 0.9998492, 0.99934012],[5.9472342e-07, 5.2748983e-06, 0.0017831151, 3.8094822e-05, 0.00015074582, 0.00065980759]
PF3D7_1244000.1,1,6,0,[0.99997449, 0.99999666, 0.99958593, 0.99996364, 0.99999249, 0.99970633],[2.551125e-05, 3.3495223e-06, 0.00041412405, 3.6410696e-05, 7.5080866e-06, 0.00029368963]
PF3D7_1106200.1,1,6,0,[0.99999011, 0.99999988, 0.99965525, 0.9999851, 0.99999189, 0.99997926],[9.8974842e-06, 6.9485395e-08, 0.00034474142, 1.4871063e-05, 8.0890914e-06, 2.073271e-05]
PF3D7_0602400.1,1,6,0,[1.0, 1.0, 0.9999913, 1.0, 1.0, 1.0],[4.6109258e-12, 1.5903667e-11, 8.69621e-06, 8.9116971e-11, 1.0227776e-11, 4.1796241e-08]
PF3D7_1469600.1,1,5,1,[0.90146977, 0.85089952, 0.18201257, 0.71639365, 0.96141541, 0.90402395],[0.098530203, 0.14910047, 0.81798738, 0.28360632, 0.038584575, 0.09597604]
PF3D7_1406600.1,1,6,0,[0.9999994, 0.99999988, 0.99803525, 0.99999285, 0.9999342, 0.99998617],[6.5385518e-07, 9.3289941e-08, 0.0019647784, 7.105371e-06, 6.5842352e-05, 1.381659e-05]
PF3D7_0911700.1,1,6,0,[1.0, 1.0, 0.99998355, 1.0, 1.0, 1.0],[1.5762816e-11, 3.4172487e-08, 1.639527e-05, 3.904614e-09, 8.9639696e-10, 3.2678347e-08]
PF3D7_0815700.1,1,6,0,[0.99999917, 0.99976581, 0.9990319, 0.99999487, 0.99999774, 0.99997818],[8.7331995e-07, 0.00023417667, 0.00096809951, 5.0825834e-06, 2.2143849e-06, 2.1810753e-05]
PF3D7_1021000.1,1,6,0,[0.99997079, 0.99918073, 0.96875823, 0.95445251, 0.52519798, 0.99664658],[2.9210831e-05, 0.00081927254, 0.031241819, 0.045547429, 0.47480208, 0.0033534374]
PF3D7_1205700.1,1,6,0,[0.99952567, 0.99992359, 0.99056458, 0.98634285, 0.9444313, 0.99847394],[0.0004743225, 7.6406803e-05, 0.0094353985, 0.01365713, 0.055568643, 0.0015260676]
PF3D7_0716600.1,1,6,0,[0.99996603, 0.9997198, 0.99880159, 0.99960929, 0.99991798, 0.99980348],[3.3988239e-05, 0.00028020673, 0.0011984252, 0.00039073551, 8.1980041e-05, 0.00019648104]
PF3D7_1308800.1,1,6,0,[1.0, 0.99999988, 0.99219829, 1.0, 0.99998844, 0.99999869],[4.4102891e-11, 1.1942861e-07, 0.0078017022, 7.4421189e-09, 1.1527035e-05, 1.2522747e-06]
PF3D7_1313400.1,1,6,0,[1.0, 0.9999994, 0.99979097, 1.0, 1.0, 0.99999702],[6.0332495e-10, 6.4322961e-07, 0.00020907298, 5.3628959e-08, 1.2835109e-08, 3.0012511e-06]
PF3D7_1323000.1,1,4,2,[0.0038467732, 0.92886955, 0.27541035, 0.79372364, 0.76266795, 0.85625666],[0.99615318, 0.071130455, 0.72458965, 0.2062764, 0.23733202, 0.14374332]
PF3D7_1320100.1,1,6,0,[0.99999952, 0.99999952, 0.99302942, 0.99999511, 0.99987423, 0.99993253],[4.6959761e-07, 4.2116784e-07, 0.0069705686, 4.8945112e-06, 0.00012577104, 6.7481087e-05]
PF3D7_1411400.1,1,6,0,[1.0, 0.99999821, 0.99997926, 1.0, 1.0, 0.99999976],[4.6756495e-11, 1.8156492e-06, 2.0799309e-05, 2.8498957e-09, 2.325284e-10, 2.073954e-07]
PF3D7_1304100.1,1,6,0,[0.99989963, 0.99983072, 0.99738377, 0.9998827, 0.99990082, 0.99990296],[0.00010031651, 0.00016921782, 0.0026161876, 0.00011727386, 9.912323e-05, 9.6981486e-05]
PF3D7_1472800.1,1,6,0,[1.0, 1.0, 0.99924326, 1.0, 0.9999516, 0.99999976],[1.0940893e-18, 1.2255103e-12, 0.00075677177, 3.6178162e-13, 4.8402293e-05, 2.4824962e-07]
PF3D7_0812220.1,1,6,0,[1.0, 1.0, 0.99984586, 0.99999988, 0.99999988, 0.99999857],[5.537979e-08, 2.8778041e-08, 0.00015408559, 1.5913589e-07, 6.7719562e-08, 1.4053516e-06]
PF3D7_1106500.1,1,6,0,[0.9939813, 0.99999595, 0.99459344, 0.97692537, 0.99931383, 0.99910539],[0.0060186558, 4.0764608e-06, 0.0054065748, 0.023074586, 0.00068617309, 0.00089454907]
PF3D7_1433700.1,1,6,0,[1.0, 0.99999845, 0.99990523, 0.99999988, 1.0, 0.99999821],[1.0406322e-09, 1.4959203e-06, 9.4767398e-05, 6.095356e-08, 2.7934521e-09, 1.7940395e-06]
PF3D7_0719800.1,1,6,0,[0.99999058, 0.99998832, 0.97133732, 0.99989665, 0.99743855, 0.99990559],[9.3653398e-06, 1.1711864e-05, 0.028662624, 0.00010331204, 0.0025613848, 9.4381758e-05]
PF3D7_0816600.1,1,6,0,[0.99991417, 0.99999762, 0.97895265, 0.99711466, 0.97960085, 0.99553204],[8.5784006e-05, 2.4378567e-06, 0.021047357, 0.002885299, 0.020399146, 0.0044679837]
PF3D7_0925300.1,1,6,0,[1.0, 1.0, 0.99988115, 1.0, 1.0, 0.99999988],[1.3661136e-11, 5.741442e-09, 0.00011883023, 4.8675591e-10, 1.553646e-09, 1.1712222e-07]
PF3D7_0827600.1,1,6,0,[1.0, 1.0, 0.99913174, 0.99999988, 0.99998605, 0.99999738],[2.5365683e-09, 5.6717715e-09, 0.00086825021, 1.3684854e-07, 1.3906374e-05, 2.5771544e-06]
PF3D7_0727100.1,1,6,0,[0.99999988, 0.99988449, 0.99993765, 0.99999952, 0.9999994, 0.99998832],[1.4348062e-07, 0.00011555295, 6.2399049e-05, 5.3199494e-07, 5.8970932e-07, 1.167405e-05]
PF3D7_1228700.1,1,6,0,[0.99999774, 0.99996877, 0.99543828, 0.9999975, 0.99999654, 0.99998951],[2.3198922e-06, 3.1217922e-05, 0.0045616878, 2.4645851e-06, 3.4179316e-06, 1.0502285e-05]
PF3D7_0804400.1,1,6,0,[1.0, 0.99999928, 0.99978155, 1.0, 1.0, 0.99999833],[1.0205981e-09, 7.5312829e-07, 0.00021846358, 1.359757e-08, 2.7465857e-08, 1.6179442e-06]
PF3D7_1409100.1,1,6,0,[1.0, 1.0, 0.99991655, 1.0, 0.9999994, 1.0],[1.0401436e-10, 1.3759322e-12, 8.3495484e-05, 1.4095393e-09, 5.6139663e-07, 2.2885594e-08]
PF3D7_0316400.1,1,6,0,[1.0, 1.0, 0.99989843, 1.0, 1.0, 0.99999964],[3.316215e-11, 1.7017212e-09, 0.00010150314, 4.8873466e-10, 1.8136405e-09, 4.0794333e-07]
PF3D7_1350700.1,1,6,0,[1.0, 0.9999994, 0.99977642, 0.9999994, 1.0, 0.9999963],[9.1903812e-10, 6.0440129e-07, 0.00022362202, 5.7343306e-07, 3.6241033e-08, 3.6799154e-06]
PF3D7_1239500.1,1,6,0,[0.99914539, 0.99984455, 0.99592257, 0.99985659, 0.99986768, 0.99986053],[0.00085455884, 0.00015540648, 0.0040774429, 0.00014333925, 0.00013235031, 0.00013950113]
PF3D7_0313700.1,1,6,0,[0.99999952, 0.99999952, 0.99929988, 0.99999261, 0.99990964, 0.99994481],[4.3972349e-07, 5.2392795e-07, 0.00070012838, 7.4420541e-06, 9.0352733e-05, 5.5211869e-05]
PF3D7_0503100.1,1,6,0,[1.0, 1.0, 0.99997509, 1.0, 1.0, 1.0],[3.938897e-12, 5.0952998e-08, 2.4940626e-05, 1.208338e-10, 2.1576234e-10, 3.4668084e-08]
PF3D7_1117500.1,1,6,0,[0.99999964, 0.99999917, 0.99975234, 0.99996018, 0.99999273, 0.99998736],[3.3911155e-07, 8.6128955e-07, 0.00024760532, 3.9758066e-05, 7.2636517e-06, 1.2647721e-05]
PF3D7_1357200.1,1,6,0,[0.99999988, 0.99998307, 0.99984348, 0.99999917, 0.9999994, 0.99998963],[1.1534116e-07, 1.6894455e-05, 0.00015645141, 8.4869868e-07, 5.6667346e-07, 1.0376982e-05]
PF3D7_0313800.1,1,6,0,[1.0, 1.0, 0.99998212, 1.0, 1.0, 1.0],[1.4573329e-11, 6.8816855e-11, 1.7932485e-05, 6.7583848e-11, 1.0343805e-10, 2.6612545e-08]
PF3D7_1025300.1,1,6,0,[0.9999994, 0.99998379, 0.99981731, 0.99999189, 0.99999321, 0.99999464],[6.2149655e-07, 1.6251279e-05, 0.0001827128, 8.1416956e-06, 6.8413219e-06, 5.3803674e-06]
PF3D7_0522700.1,1,6,0,[0.99999976, 0.99999917, 0.99983847, 0.99998963, 0.99999785, 0.99998891],[1.9307905e-07, 7.974291e-07, 0.0001615498, 1.0312775e-05, 2.1726385e-06, 1.1033891e-05]
PF3D7_1333000.1,1,6,0,[0.99844825, 0.99981958, 0.99757785, 0.99599636, 0.69885504, 0.94970578],[0.0015517088, 0.000180458, 0.0024221335, 0.0040036384, 0.30114493, 0.050294176]
PF3D7_0615100.1,-1,0,6,[0.36212039, 0.004579206, 0.001384128, 0.040549066, 0.076277621, 0.028881049],[0.63787961, 0.99542075, 0.99861586, 0.9594509, 0.92372233, 0.97111893]
PF3D7_1411800.1,1,6,0,[0.99999797, 0.99999857, 0.99909937, 0.99985266, 0.99986255, 0.99976379],[2.0810064e-06, 1.4650211e-06, 0.00090065179, 0.00014731681, 0.00013748529, 0.00023617227]
PF3D7_1221700.1,1,6,0,[0.99945313, 0.91823244, 0.98941129, 0.78155345, 0.97620821, 0.98964733],[0.00054689805, 0.081767514, 0.010588642, 0.21844652, 0.023791781, 0.010352727]
PF3D7_0314300.1,1,6,0,[1.0, 0.99996126, 0.99995041, 0.99999976, 1.0, 0.99999702],[3.006511e-08, 3.879728e-05, 4.9554357e-05, 2.2020792e-07, 2.5060327e-08, 3.0180245e-06]
PF3D7_0916500.1,1,6,0,[0.99999249, 0.99999011, 0.99972767, 0.99987781, 0.99982029, 0.99983406],[7.522227e-06, 9.9258041e-06, 0.00027237294, 0.00012219707, 0.00017978252, 0.00016586344]
PF3D7_0729200.1,1,6,0,[0.99989867, 0.9999851, 0.99838197, 0.9981187, 0.99966288, 0.99984264],[0.00010126832, 1.4870056e-05, 0.001618056, 0.0018812992, 0.00033718708, 0.00015730181]
PF3D7_0319200.1,1,6,0,[0.99999905, 1.0, 0.99945968, 0.9999975, 0.99987566, 0.99998319],[9.7710324e-07, 6.2471055e-09, 0.00054036197, 2.5551392e-06, 0.00012433805, 1.6765429e-05]
PF3D7_0608100.1,1,6,0,[1.0, 1.0, 0.99997842, 1.0, 1.0, 1.0],[2.1911747e-10, 1.7887128e-13, 2.1564221e-05, 6.6649734e-11, 1.1897986e-08, 3.9918707e-08]
PF3D7_1015200.1,1,6,0,[0.99855894, 0.99976605, 0.75656295, 0.99775666, 0.67256939, 0.96564382],[0.0014410409, 0.00023400327, 0.24343707, 0.0022433097, 0.32743064, 0.034356207]
PF3D7_1223300.1,1,6,0,[0.99997401, 0.99999893, 0.99942148, 0.9996593, 0.99883384, 0.9999336],[2.6044241e-05, 1.0224953e-06, 0.00057857105, 0.00034074529, 0.0011661568, 6.6391513e-05]
PF3D7_1428600.1,1,6,0,[1.0, 0.99999988, 0.99959618, 0.99999976, 0.99999881, 0.99998987],[3.8223078e-08, 1.3605619e-07, 0.0004038481, 1.9479261e-07, 1.2493798e-06, 1.0084351e-05]
PF3D7_1440300.1,1,6,0,[0.97001439, 0.99896312, 0.98392093, 0.99543446, 0.99890924, 0.99759358],[0.029985575, 0.0010369356, 0.016078996, 0.0045655458, 0.0010907155, 0.0024063564]
PF3D7_0204600.1,1,6,0,[0.99877781, 0.99956578, 0.99277967, 0.99498606, 0.9998349, 0.99899524],[0.0012221663, 0.00043426026, 0.0072203455, 0.0050139753, 0.00016508858, 0.0010047695]
PF3D7_0321000.1,1,6,0,[0.62081772, 0.99999619, 0.9378975, 0.99992263, 0.58094352, 0.52791643],[0.37918228, 3.85966e-06, 0.062102452, 7.7388817e-05, 0.41905653, 0.47208354]
PF3D7_1419800.2,1,6,0,[0.99988878, 0.99999702, 0.99698514, 0.99986398, 0.78731805, 0.99417347],[0.00011126494, 2.9252283e-06, 0.0030148304, 0.00013599861, 0.21268192, 0.0058265794]
PF3D7_1234600.1,1,6,0,[1.0, 0.99999976, 0.99123752, 0.99999833, 0.99960619, 0.99988008],[1.9349429e-08, 2.9389562e-07, 0.0087624639, 1.6321385e-06, 0.00039386554, 0.00011993114]
PF3D7_1205300.1,1,6,0,[1.0, 0.99998999, 0.99955779, 0.9999994, 0.99992573, 0.99998391],[2.3632337e-08, 1.0021336e-05, 0.00044222249, 5.7348228e-07, 7.4220974e-05, 1.612435e-05]
PF3D7_0921400.1,1,6,0,[0.99921966, 0.99897695, 0.97290933, 0.99803549, 0.99904138, 0.98796499],[0.00078036712, 0.0010231249, 0.027090646, 0.0019644613, 0.00095864478, 0.012035073]
PF3D7_1351800.1,-1,0,6,[0.016398739, 0.0076704831, 0.0057220645, 0.02133945, 0.015834151, 0.078960955],[0.98360127, 0.99232954, 0.99427795, 0.97866052, 0.98416579, 0.92103904]
PF3D7_0723700.1,1,6,0,[0.9999994, 0.99985337, 0.99953449, 0.99999774, 0.99999988, 0.99998462],[5.620218e-07, 0.00014665263, 0.00046550806, 2.2345746e-06, 8.9578243e-08, 1.536231e-05]
PF3D7_0813700.1,1,6,0,[1.0, 1.0, 0.99953246, 0.99999988, 0.99999976, 0.99999404],[1.4104786e-08, 1.2599604e-09, 0.00046759052, 1.2587329e-07, 2.0051499e-07, 5.9703621e-06]
PF3D7_1212000.1,1,4,2,[0.99947006, 0.31107929, 0.88626707, 0.99564397, 0.026918422, 0.7515164],[0.00052993768, 0.68892068, 0.11373292, 0.0043560807, 0.97308153, 0.24848361]
PF3D7_0408900.2,1,6,0,[1.0, 1.0, 0.99998212, 1.0, 0.99999988, 1.0],[5.8683796e-12, 3.7932223e-11, 1.7861074e-05, 4.4141184e-11, 1.2186393e-07, 2.7417389e-08]
PF3D7_0408900.1,1,6,0,[1.0, 1.0, 0.99998212, 1.0, 0.99999988, 1.0],[5.8683796e-12, 3.7932223e-11, 1.7861074e-05, 4.4141184e-11, 1.2186393e-07, 2.7417389e-08]
PF3D7_0106900.1,1,6,0,[1.0, 1.0, 0.99993372, 1.0, 1.0, 0.99999988],[1.8860773e-14, 1.3268686e-11, 6.6279099e-05, 1.3996228e-11, 5.3553291e-09, 1.7459351e-07]
PF3D7_0815900.1,1,6,0,[0.99878758, 0.99661082, 0.9417612, 0.98635364, 0.98845971, 0.98512614],[0.0012124343, 0.0033891194, 0.058238752, 0.013646363, 0.011540273, 0.014873839]
PF3D7_0616400.1,1,6,0,[0.99975652, 0.99941421, 0.99560404, 0.99988365, 0.99995577, 0.99977678],[0.000243509, 0.00058575935, 0.0043960167, 0.00011636456, 4.4234137e-05, 0.00022324687]
PF3D7_0518100.1,1,6,0,[1.0, 0.9999944, 0.99997211, 1.0, 1.0, 0.99999952],[2.8951781e-09, 5.6244448e-06, 2.7928179e-05, 4.8587431e-08, 3.400829e-09, 4.4957289e-07]
PF3D7_1313200.1,1,6,0,[0.99998665, 0.99927109, 0.99508458, 0.99990308, 0.99997711, 0.99986339],[1.3305868e-05, 0.00072886742, 0.0049154107, 9.6934811e-05, 2.2828301e-05, 0.00013656895]
PF3D7_1306200.1,1,6,0,[1.0, 1.0, 0.99768364, 1.0, 0.99999905, 0.99999177],[1.6312967e-13, 1.7069411e-10, 0.0023162852, 1.0437352e-09, 9.1376359e-07, 8.2256875e-06]
PF3D7_0530200.1,1,6,0,[1.0, 1.0, 0.99985445, 1.0, 0.99999917, 0.99999964],[5.5285141e-11, 3.9023433e-09, 0.00014554524, 1.593514e-09, 8.6974347e-07, 4.16277e-07]
PF3D7_1022800.1,1,6,0,[1.0, 1.0, 0.99936956, 1.0, 0.99981767, 0.99999952],[6.8127295e-11, 8.8475466e-10, 0.00063047389, 2.1993921e-08, 0.00018236628, 4.7273082e-07]
PF3D7_0918200.1,1,5,1,[0.92896658, 0.20927884, 0.84556657, 0.79923606, 0.91294086, 0.85254395],[0.071033411, 0.79072124, 0.1544334, 0.20076394, 0.087059148, 0.14745606]
PF3D7_0828200.1,1,6,0,[0.98108554, 0.99984252, 0.9954614, 0.96457148, 0.99143314, 0.99606711],[0.018914454, 0.00015743836, 0.0045386301, 0.035428569, 0.0085669132, 0.003932937]
PF3D7_0922900.1,-1,0,6,[0.02237564, 0.018379318, 0.065714933, 0.0066391248, 0.030641934, 0.024045125],[0.9776243, 0.98162061, 0.93428504, 0.99336088, 0.96935809, 0.97595483]
PF3D7_1413500.1,1,6,0,[1.0, 0.99999976, 0.99219745, 0.99999905, 0.99999499, 0.99991357],[4.4298464e-08, 1.8819132e-07, 0.0078024804, 9.3124402e-07, 4.9673745e-06, 8.6470129e-05]
PF3D7_0107900.1,1,6,0,[1.0, 1.0, 0.99985647, 0.99999964, 0.99999988, 0.99999833],[2.2857314e-09, 1.7695953e-08, 0.00014349377, 3.3078786e-07, 1.1376184e-07, 1.6212775e-06]
PF3D7_1467300.1,1,6,0,[1.0, 0.99999952, 0.9998579, 0.99999952, 0.99999833, 0.99999571],[5.2804845e-09, 4.7809164e-07, 0.00014209082, 4.1940103e-07, 1.6695867e-06, 4.2626311e-06]
PF3D7_0727500.1,1,6,0,[1.0, 0.99999988, 0.9999764, 1.0, 1.0, 0.99999988],[1.4008787e-10, 6.2706974e-08, 2.3655513e-05, 2.0846544e-09, 4.7140429e-09, 8.7420929e-08]
PF3D7_1411600.1,1,6,0,[0.99999762, 0.99904042, 0.9984687, 0.99997008, 0.99999678, 0.99976224],[2.3811294e-06, 0.00095950271, 0.0015312436, 2.990378e-05, 3.1967406e-06, 0.00023774656]
PF3D7_0307800.1,1,6,0,[0.99999869, 1.0, 0.99982363, 0.99999952, 0.9999826, 0.99999821],[1.3325935e-06, 9.9902836e-11, 0.00017638352, 4.6140497e-07, 1.7462778e-05, 1.846503e-06]
PF3D7_1470800.1,1,6,0,[0.99999845, 0.99999964, 0.99620193, 0.99998879, 0.99978322, 0.99998701],[1.5360082e-06, 3.2841123e-07, 0.0037980261, 1.1177249e-05, 0.00021682172, 1.2975845e-05]
PF3D7_1032000.1,1,6,0,[1.0, 0.99999702, 0.99938989, 0.99999988, 0.99999952, 0.99999154],[2.6042506e-09, 2.9844628e-06, 0.00061014091, 1.1391969e-07, 5.1607827e-07, 8.4337153e-06]
PF3D7_0711000.1,1,6,0,[0.99999726, 1.0, 0.99990761, 1.0, 0.99999511, 0.99999857],[2.7390267e-06, 2.2113791e-13, 9.239505e-05, 1.0534438e-08, 4.8687061e-06, 1.4887986e-06]
PF3D7_1144700.1,1,6,0,[1.0, 1.0, 0.99992347, 1.0, 0.9999994, 0.99999928],[2.3422178e-09, 3.013929e-08, 7.647313e-05, 3.150993e-09, 5.9023199e-07, 7.2969112e-07]
PF3D7_1005000.1,1,6,0,[0.99831831, 0.99825984, 0.98577392, 0.99914849, 0.99991691, 0.99972183],[0.0016817037, 0.0017401602, 0.014226022, 0.00085144583, 8.3087703e-05, 0.0002781089]
PF3D7_0526700.1,1,6,0,[1.0, 1.0, 0.99987102, 1.0, 0.99999976, 0.99999988],[3.4453003e-11, 2.4298544e-10, 0.00012895853, 1.502331e-09, 2.1875383e-07, 6.3961686e-08]
PF3D7_0623200.1,1,6,0,[0.99999976, 0.99999869, 0.97677553, 0.99982858, 0.99999321, 0.99984705],[2.7703149e-07, 1.3578349e-06, 0.02322446, 0.00017133987, 6.7357128e-06, 0.00015292544]
PF3D7_1304600.1,1,6,0,[1.0, 0.99999952, 0.99998748, 1.0, 1.0, 1.0],[7.6077885e-12, 4.7553698e-07, 1.2567034e-05, 1.3356224e-09, 3.5005641e-11, 3.9192404e-08]
PF3D7_0302600.1,1,6,0,[1.0, 0.99999666, 0.99986589, 0.99999988, 0.99999988, 0.99999797],[2.754091e-09, 3.3549572e-06, 0.00013408193, 7.7147078e-08, 6.6573982e-08, 2.0101061e-06]
PF3D7_1021300.1,1,6,0,[1.0, 0.99999762, 0.90277267, 0.99999964, 0.99992788, 0.9998343],[4.7424056e-09, 2.3579175e-06, 0.097227298, 3.4848148e-07, 7.2091498e-05, 0.00016565861]
PF3D7_1020800.1,1,6,0,[0.99550962, 0.9977355, 0.92822552, 0.96714324, 0.9901216, 0.95731723],[0.0044904184, 0.0022645323, 0.071774445, 0.032856684, 0.0098784193, 0.042682823]
PF3D7_0929900.1,1,6,0,[0.99999976, 0.9999994, 0.99149197, 0.99999917, 0.99997842, 0.99988472],[1.8845481e-07, 6.3889752e-07, 0.0085079875, 8.4926705e-07, 2.1635618e-05, 0.00011530474]
PF3D7_0706100.1,1,6,0,[0.9999094, 0.99945313, 0.99914491, 0.99995208, 0.99996352, 0.99978679],[9.0603637e-05, 0.00054681406, 0.00085503818, 4.7918042e-05, 3.652637e-05, 0.00021323677]
PF3D7_1209600.1,-1,0,6,[4.2744858e-05, 0.00065539643, 0.00042058021, 5.4848617e-05, 0.0001824494, 0.00019574656],[0.9999572, 0.99934465, 0.99957937, 0.99994516, 0.99981755, 0.99980432]
PF3D7_0514300.1,1,6,0,[0.99999988, 1.0, 0.99947995, 1.0, 1.0, 0.99999082],[1.0912713e-07, 6.7578503e-09, 0.00052005157, 2.2426258e-08, 8.7641103e-09, 9.1688062e-06]
PF3D7_0913700.1,1,6,0,[0.99999905, 1.0, 0.99977511, 1.0, 0.99999464, 0.99999893],[9.3086129e-07, 5.1304339e-09, 0.00022490969, 5.4009902e-08, 5.423683e-06, 1.1025539e-06]
PF3D7_0920600.1,1,6,0,[0.99997914, 0.9997316, 0.97644705, 0.99985027, 0.99731451, 0.99983728],[2.0821117e-05, 0.00026834925, 0.023552882, 0.00014966675, 0.0026854414, 0.00016275333]
PF3D7_1221800.1,1,6,0,[1.0, 0.99999976, 0.9986077, 0.99999976, 0.99998033, 0.99999452],[1.2946093e-08, 2.0750996e-07, 0.001392388, 2.1313383e-07, 1.9654473e-05, 5.5154378e-06]
PF3D7_0916200.1,1,6,0,[0.9997353, 0.99999988, 0.9992342, 0.99930775, 0.99987268, 0.99904245],[0.00026472908, 9.0992714e-08, 0.00076577993, 0.00069227314, 0.00012725932, 0.00095753017]
PF3D7_1323600.1,1,6,0,[0.99999988, 1.0, 0.99998164, 0.99999142, 0.99999726, 0.99999881],[1.592777e-07, 3.0475316e-08, 1.8396307e-05, 8.5803185e-06, 2.7632932e-06, 1.1864897e-06]
PF3D7_1318100.1,1,6,0,[0.99999952, 1.0, 0.99688292, 0.99999976, 0.99988663, 0.99999404],[4.4484571e-07, 1.660619e-08, 0.0031170927, 2.8126075e-07, 0.0001133437, 5.9292188e-06]
PF3D7_1212100.1,1,6,0,[1.0, 1.0, 0.99997985, 1.0, 1.0, 1.0],[2.9651667e-11, 4.1481396e-13, 2.0115587e-05, 1.0767364e-11, 3.6509814e-08, 1.2329309e-08]
PF3D7_0607300.1,1,6,0,[0.999318, 0.9738211, 0.98015231, 0.95124269, 0.95085829, 0.98807436],[0.00068196713, 0.02617893, 0.019847678, 0.04875724, 0.049141668, 0.011925648]
PF3D7_0103600.1,1,6,0,[1.0, 1.0, 0.99987495, 1.0, 0.99999988, 0.99999869],[1.6777602e-08, 4.9961493e-11, 0.00012499807, 5.7887608e-08, 7.5638468e-08, 1.2927176e-06]
PF3D7_0208500.1,1,6,0,[1.0, 1.0, 0.9996897, 1.0, 0.99994028, 0.99999952],[4.934718e-09, 7.4166084e-10, 0.00031036098, 1.9233816e-08, 5.970084e-05, 5.0774594e-07]
PF3D7_0728800.1,1,6,0,[1.0, 1.0, 0.99893206, 1.0, 0.99999976, 0.99999714],[1.7524117e-08, 1.7959596e-10, 0.0010678803, 2.7343634e-09, 2.1026118e-07, 2.8842007e-06]
PF3D7_0626300.1,1,6,0,[0.99979717, 0.9927249, 0.97414058, 0.99661249, 0.99922347, 0.96163243],[0.00020284476, 0.0072750822, 0.025859369, 0.003387524, 0.00077656051, 0.038367596]
PF3D7_1420400.1,1,6,0,[0.9993766, 0.99999952, 0.93559557, 0.99998236, 0.54468518, 0.99954319],[0.0006234204, 4.8976727e-07, 0.06440445, 1.7591983e-05, 0.45531487, 0.00045682167]
PF3D7_1429100.1,1,6,0,[1.0, 1.0, 0.98839986, 0.99999952, 0.99966228, 0.99996889],[2.9105118e-11, 6.463285e-09, 0.011600116, 4.7750382e-07, 0.00033771258, 3.1091713e-05]
PF3D7_0509600.1,1,6,0,[1.0, 1.0, 0.99992669, 1.0, 1.0, 0.99999928],[1.4087549e-12, 7.1371914e-10, 7.3347466e-05, 6.5207644e-09, 6.4311617e-10, 7.6144875e-07]
PF3D7_0914300.1,1,5,1,[0.92663294, 0.86550075, 0.61974931, 0.11802737, 0.67378294, 0.97759342],[0.073367, 0.13449921, 0.38025066, 0.88197267, 0.32621703, 0.022406571]
PF3D7_0904700.1,1,6,0,[0.99999964, 0.99999881, 0.85759759, 0.997886, 0.93552494, 0.91595519],[3.6209568e-07, 1.192999e-06, 0.14240244, 0.0021139344, 0.064475082, 0.084044792]
PF3D7_0505400.1,1,6,0,[0.999856, 0.99995351, 0.93953341, 0.99970549, 0.99719965, 0.99972457],[0.00014395041, 4.6472978e-05, 0.060466621, 0.00029443059, 0.0028003063, 0.00027541642]
PF3D7_1225100.1,1,6,0,[0.99668235, 0.99995363, 0.9997403, 0.99997044, 0.99996412, 0.99998856],[0.003317666, 4.631163e-05, 0.00025972794, 2.9516417e-05, 3.5828823e-05, 1.1466164e-05]
PF3D7_1369600.1,1,6,0,[0.99999905, 1.0, 0.99987435, 0.99999988, 0.99999714, 0.99999952],[9.7989528e-07, 9.9512868e-13, 0.00012561341, 9.6772787e-08, 2.9088681e-06, 4.5317586e-07]
PF3D7_1440200.1,1,6,0,[0.69811487, 0.99925071, 0.99036574, 0.90326983, 0.98560208, 0.9989171],[0.30188516, 0.00074929214, 0.0096342387, 0.09673021, 0.014397993, 0.0010828808]
PF3D7_0516300.1,1,6,0,[0.99917513, 0.99992454, 0.98441237, 0.99845386, 0.99997962, 0.99959964],[0.00082483457, 7.5407101e-05, 0.015587649, 0.001546164, 2.0439471e-05, 0.00040036408]
PF3D7_1332600.1,1,6,0,[0.99999845, 0.99992979, 0.99779773, 0.99999964, 0.99958163, 0.99975139],[1.5810618e-06, 7.0207454e-05, 0.0022023579, 3.7211666e-07, 0.00041836494, 0.00024855902]
PF3D7_0307400.1,1,6,0,[1.0, 0.99999988, 0.99940205, 0.99999976, 0.9999609, 0.99999571],[2.6893909e-08, 1.2440053e-07, 0.00059790636, 2.8063084e-07, 3.9132443e-05, 4.2404486e-06]
PF3D7_0920200.1,1,6,0,[1.0, 1.0, 0.99971682, 1.0, 1.0, 0.99999905],[8.2382362e-10, 1.3928659e-08, 0.00028311706, 1.9579268e-08, 2.3851237e-08, 9.6687518e-07]
PF3D7_1124500.1,1,6,0,[0.99998307, 0.99908412, 0.99538147, 0.99991381, 0.99999344, 0.99967337],[1.6950922e-05, 0.0009159288, 0.0046185604, 8.6221218e-05, 6.528634e-06, 0.00032664093]
PF3D7_0508800.1,1,6,0,[0.9999851, 0.99999964, 0.99802667, 0.99999666, 0.99968195, 0.99997973],[1.4888262e-05, 4.1317659e-07, 0.0019733498, 3.3642777e-06, 0.0003181042, 2.0306385e-05]
PF3D7_0203900.1,1,6,0,[1.0, 0.99999917, 0.99976546, 0.99999952, 0.99999988, 0.99999821],[2.7781282e-09, 7.7515216e-07, 0.00023453285, 5.1285775e-07, 6.7988104e-08, 1.7370096e-06]
PF3D7_1419200.1,1,6,0,[1.0, 1.0, 0.99967456, 0.99999988, 0.99999928, 0.99999595],[1.3201835e-08, 1.0041965e-09, 0.00032539642, 8.1539369e-08, 7.267825e-07, 4.0364871e-06]
PF3D7_1229600.1,1,6,0,[1.0, 1.0, 0.99994206, 1.0, 0.99999976, 0.99999988],[2.5598049e-13, 4.7583448e-12, 5.7926201e-05, 8.7132482e-11, 2.2295883e-07, 7.563991e-08]
PF3D7_1367700.1,1,5,1,[0.90905493, 0.99837399, 0.85856414, 0.94721812, 0.068216898, 0.95889139],[0.090945117, 0.0016259419, 0.14143582, 0.052781865, 0.93178308, 0.04110866]
PF3D7_1145500.1,1,6,0,[1.0, 0.99999082, 0.99993789, 0.99999988, 1.0, 0.99999774],[8.4613938e-10, 9.1364145e-06, 6.2149869e-05, 1.501768e-07, 9.6671835e-09, 2.2786257e-06]
PF3D7_1345500.1,1,6,0,[0.99999988, 0.99998558, 0.99944323, 0.99999976, 0.99999988, 0.99999225],[1.4221776e-07, 1.4479819e-05, 0.0005567834, 1.8808923e-07, 1.2058163e-07, 7.7309187e-06]
PF3D7_1364600.1,1,6,0,[0.99999988, 0.99999177, 0.99784482, 0.99999845, 0.9999795, 0.99998355],[7.5464968e-08, 8.2406204e-06, 0.0021551463, 1.5459367e-06, 2.0506126e-05, 1.6462751e-05]
PF3D7_0410700.1,1,4,2,[0.98328066, 0.011383153, 0.16725796, 0.97993982, 0.9957481, 0.97539234],[0.016719325, 0.98861688, 0.83274198, 0.020060152, 0.0042519579, 0.024607638]
PF3D7_1430700.1,1,6,0,[0.99967504, 0.96044654, 0.99168336, 0.98676038, 0.90709633, 0.986112],[0.00032494165, 0.039553449, 0.0083166352, 0.013239644, 0.092903703, 0.013888065]
PF3D7_1126000.1,1,6,0,[0.99998355, 1.0, 0.99850333, 0.99999905, 0.999915, 0.99998522],[1.6470964e-05, 1.0537428e-09, 0.0014966519, 9.9940394e-07, 8.4947831e-05, 1.475424e-05]
PF3D7_1305100.1,1,6,0,[1.0, 0.9999994, 0.99483466, 0.99999201, 0.99969101, 0.9999094],[4.4986795e-08, 5.9773816e-07, 0.0051653241, 8.0249865e-06, 0.00030898373, 9.0561305e-05]
PF3D7_1106300.1,1,6,0,[0.99938858, 0.99984658, 0.99897182, 0.99997854, 0.99997509, 0.99881482],[0.00061139592, 0.0001533723, 0.0010281894, 2.1413618e-05, 2.487981e-05, 0.0011852318]
PF3D7_1005900.1,1,6,0,[0.99999797, 0.99996579, 0.99982268, 0.99999702, 0.99999344, 0.99999142],[2.0466111e-06, 3.4192071e-05, 0.00017731467, 2.9931762e-06, 6.5696686e-06, 8.5355778e-06]
PF3D7_1018000.1,1,6,0,[1.0, 0.99994874, 0.999551, 0.9999994, 0.99999988, 0.99999571],[5.5710334e-08, 5.120493e-05, 0.00044898532, 6.0276074e-07, 6.5624405e-08, 4.283504e-06]
PF3D7_1103400.1,1,6,0,[1.0, 1.0, 0.99950635, 0.99999893, 0.99989641, 0.99999797],[5.2032636e-08, 4.2270996e-09, 0.00049360638, 1.0800836e-06, 0.00010353235, 1.9877812e-06]
PF3D7_1318200.1,-1,1,5,[0.43977112, 0.51169819, 0.01995014, 0.027061416, 0.17529218, 0.052564431],[0.56022888, 0.48830187, 0.98004979, 0.97293854, 0.82470781, 0.94743562]
PF3D7_0311200.1,1,6,0,[0.99999988, 0.99994147, 0.99978203, 0.99999762, 0.9999994, 0.99999499],[1.489385e-07, 5.8555295e-05, 0.00021797836, 2.4316689e-06, 5.5961874e-07, 4.970218e-06]
PF3D7_1337200.1,1,6,0,[0.99998999, 0.99999261, 0.99893421, 0.99982446, 0.99997759, 0.99995565],[1.0032964e-05, 7.3508777e-06, 0.0010657787, 0.00017558865, 2.2436037e-05, 4.4364042e-05]
PF3D7_1406400.1,1,6,0,[1.0, 0.99999988, 0.9995448, 1.0, 1.0, 0.99999869],[2.09728e-10, 1.0406451e-07, 0.00045519156, 1.1827662e-08, 2.1058682e-08, 1.3459749e-06]
PF3D7_1452300.1,1,6,0,[1.0, 0.99999714, 0.999982, 1.0, 1.0, 0.99999952],[4.3969367e-10, 2.8065595e-06, 1.7990054e-05, 6.4977215e-09, 7.3340484e-10, 4.9238332e-07]
PF3D7_1207600.1,1,6,0,[0.99999583, 0.99999881, 0.98975301, 0.99978346, 0.99878842, 0.99991095],[4.1221015e-06, 1.2354425e-06, 0.010246976, 0.00021660188, 0.0012115591, 8.9048648e-05]
PF3D7_1220600.1,1,6,0,[0.99999952, 0.99999905, 0.99866927, 0.99999988, 0.99999964, 0.99998856],[5.2244906e-07, 9.5419648e-07, 0.0013307084, 9.4770066e-08, 4.0550665e-07, 1.1465148e-05]
PF3D7_1343500.1,1,6,0,[1.0, 0.99999964, 0.99987531, 1.0, 1.0, 0.99999964],[1.0285434e-10, 3.2971482e-07, 0.00012469676, 7.2043865e-10, 3.8119582e-10, 3.2667384e-07]
PF3D7_0934000.1,1,6,0,[1.0, 0.99999845, 0.99989283, 0.99999952, 0.99999988, 0.99999726],[1.7313505e-09, 1.584854e-06, 0.00010714901, 4.2582002e-07, 6.6514069e-08, 2.7266469e-06]
