FOLD;EPOCH;TP;FP;FN;TN;ACCURACY;MCC;PPV;RECALL;;FOLD;EPOCH;TP;FP;FN;TN;ACCURACY;MCC;PPV;RECALL
0;0;14;2;16;78;0.8363636364;0.5579256477;0.875;0.4666666667;;0;7;24;3;6;77;0.9181818182;0.7890863678;0.8888888889;0.8
0;1;19;6;11;74;0.8454545455;0.5933619733;0.76;0.6333333333;;1;61;28;1;7;74;0.9272727273;0.8315988761;0.9655172414;0.8
0;2;21;5;9;75;0.8727272727;0.6682815834;0.8076923077;0.7;;2;76;33;3;8;65;0.8990825688;0.783576862;0.9166666667;0.8048780488
0;3;22;5;8;75;0.8818181818;0.6942235258;0.8148148148;0.7333333333;;3;90;24;9;1;75;0.9082568807;0.780408826;0.7272727273;0.96
0;4;23;4;7;76;0.9;0.7416549468;0.8518518519;0.7666666667;;4;87;26;3;11;69;0.871559633;0.7083505791;0.8965517241;0.7027027027
0;5;23;4;7;76;0.9;0.7416549468;0.8518518519;0.7666666667;;5;92;34;6;3;66;0.9174311927;0.8209250512;0.85;0.9189189189
0;6;24;4;6;76;0.9090909091;0.7667979487;0.8571428571;0.8;;;;28.1666666667;4.1666666667;6;71;0.9069641368;0.7856577604;0.8741495414;0.8310832784
0;7;24;3;6;77;0.9181818182;0.7890863678;0.8888888889;0.8;;;;4.4007575106;2.8577380332;3.577708764;5.0199601592;0.0198247505;0.0432998961;0.0812783705;0.0932043427
0;8;24;3;6;77;0.9181818182;0.7890863678;0.8888888889;0.8;;;;;;;;;;;
0;9;24;3;6;77;0.9181818182;0.7890863678;0.8888888889;0.8;;;;;;;;;;;
0;10;23;3;7;77;0.9090909091;0.7643743601;0.8846153846;0.7666666667;;;;;;;;;;;
0;11;24;3;6;77;0.9181818182;0.7890863678;0.8888888889;0.8;;;;;;;;;;;
0;12;24;3;6;77;0.9181818182;0.7890863678;0.8888888889;0.8;;;;;;;;;;;
0;13;24;3;6;77;0.9181818182;0.7890863678;0.8888888889;0.8;;;;;;;;;;;
0;14;24;4;6;76;0.9090909091;0.7667979487;0.8571428571;0.8;;;;;;;;;;;
0;15;25;4;5;76;0.9181818182;0.79179129;0.8620689655;0.8333333333;;;;;;;;;;;
0;16;25;4;5;76;0.9181818182;0.79179129;0.8620689655;0.8333333333;;;;;;;;;;;
0;17;24;4;6;76;0.9090909091;0.7667979487;0.8571428571;0.8;;;;;;;;;;;
0;18;24;4;6;76;0.9090909091;0.7667979487;0.8571428571;0.8;;;;;;;;;;;
0;19;24;4;6;76;0.9090909091;0.7667979487;0.8571428571;0.8;;;;;;;;;;;
0;20;24;4;6;76;0.9090909091;0.7667979487;0.8571428571;0.8;;;;;;;;;;;
0;21;24;4;6;76;0.9090909091;0.7667979487;0.8571428571;0.8;;;;;;;;;;;
0;22;24;4;6;76;0.9090909091;0.7667979487;0.8571428571;0.8;;;;;;;;;;;
0;23;24;4;6;76;0.9090909091;0.7667979487;0.8571428571;0.8;;;;;;;;;;;
0;24;24;4;6;76;0.9090909091;0.7667979487;0.8571428571;0.8;;;;;;;;;;;
0;25;24;4;6;76;0.9090909091;0.7667979487;0.8571428571;0.8;;;;;;;;;;;
0;26;23;4;7;76;0.9;0.7416549468;0.8518518519;0.7666666667;;;;;;;;;;;
0;27;23;4;7;76;0.9;0.7416549468;0.8518518519;0.7666666667;;;;;;;;;;;
0;28;23;4;7;76;0.9;0.7416549468;0.8518518519;0.7666666667;;;;;;;;;;;
0;29;23;4;7;76;0.9;0.7416549468;0.8518518519;0.7666666667;;;;;;;;;;;
0;30;23;4;7;76;0.9;0.7416549468;0.8518518519;0.7666666667;;;;;;;;;;;
0;31;23;4;7;76;0.9;0.7416549468;0.8518518519;0.7666666667;;;;;;;;;;;
0;32;23;4;7;76;0.9;0.7416549468;0.8518518519;0.7666666667;;;;;;;;;;;
0;33;23;4;7;76;0.9;0.7416549468;0.8518518519;0.7666666667;;;;;;;;;;;
0;34;23;4;7;76;0.9;0.7416549468;0.8518518519;0.7666666667;;;;;;;;;;;
0;35;23;4;7;76;0.9;0.7416549468;0.8518518519;0.7666666667;;;;;;;;;;;
0;36;23;4;7;76;0.9;0.7416549468;0.8518518519;0.7666666667;;;;;;;;;;;
0;37;23;4;7;76;0.9;0.7416549468;0.8518518519;0.7666666667;;;;;;;;;;;
0;38;23;4;7;76;0.9;0.7416549468;0.8518518519;0.7666666667;;;;;;;;;;;
0;39;22;2;8;78;0.9090909091;0.7638154769;0.9166666667;0.7333333333;;;;;;;;;;;
0;40;22;2;8;78;0.9090909091;0.7638154769;0.9166666667;0.7333333333;;;;;;;;;;;
0;41;22;2;8;78;0.9090909091;0.7638154769;0.9166666667;0.7333333333;;;;;;;;;;;
0;42;22;2;8;78;0.9090909091;0.7638154769;0.9166666667;0.7333333333;;;;;;;;;;;
0;43;22;2;8;78;0.9090909091;0.7638154769;0.9166666667;0.7333333333;;;;;;;;;;;
0;44;22;2;8;78;0.9090909091;0.7638154769;0.9166666667;0.7333333333;;;;;;;;;;;
0;45;22;2;8;78;0.9090909091;0.7638154769;0.9166666667;0.7333333333;;;;;;;;;;;
0;46;22;2;8;78;0.9090909091;0.7638154769;0.9166666667;0.7333333333;;;;;;;;;;;
0;47;22;2;8;78;0.9090909091;0.7638154769;0.9166666667;0.7333333333;;;;;;;;;;;
0;48;22;2;8;78;0.9090909091;0.7638154769;0.9166666667;0.7333333333;;;;;;;;;;;
0;49;22;2;8;78;0.9090909091;0.7638154769;0.9166666667;0.7333333333;;;;;;;;;;;
0;50;22;2;8;78;0.9090909091;0.7638154769;0.9166666667;0.7333333333;;;;;;;;;;;
0;51;22;2;8;78;0.9090909091;0.7638154769;0.9166666667;0.7333333333;;;;;;;;;;;
0;52;22;2;8;78;0.9090909091;0.7638154769;0.9166666667;0.7333333333;;;;;;;;;;;
0;53;22;2;8;78;0.9090909091;0.7638154769;0.9166666667;0.7333333333;;;;;;;;;;;
0;54;22;2;8;78;0.9090909091;0.7638154769;0.9166666667;0.7333333333;;;;;;;;;;;
0;55;22;2;8;78;0.9090909091;0.7638154769;0.9166666667;0.7333333333;;;;;;;;;;;
0;56;22;2;8;78;0.9090909091;0.7638154769;0.9166666667;0.7333333333;;;;;;;;;;;
0;57;22;2;8;78;0.9090909091;0.7638154769;0.9166666667;0.7333333333;;;;;;;;;;;
0;58;22;2;8;78;0.9090909091;0.7638154769;0.9166666667;0.7333333333;;;;;;;;;;;
0;59;22;2;8;78;0.9090909091;0.7638154769;0.9166666667;0.7333333333;;;;;;;;;;;
0;60;22;2;8;78;0.9090909091;0.7638154769;0.9166666667;0.7333333333;;;;;;;;;;;
0;61;22;2;8;78;0.9090909091;0.7638154769;0.9166666667;0.7333333333;;;;;;;;;;;
0;62;22;2;8;78;0.9090909091;0.7638154769;0.9166666667;0.7333333333;;;;;;;;;;;
0;63;22;2;8;78;0.9090909091;0.7638154769;0.9166666667;0.7333333333;;;;;;;;;;;
0;64;22;2;8;78;0.9090909091;0.7638154769;0.9166666667;0.7333333333;;;;;;;;;;;
0;65;22;2;8;78;0.9090909091;0.7638154769;0.9166666667;0.7333333333;;;;;;;;;;;
0;66;22;2;8;78;0.9090909091;0.7638154769;0.9166666667;0.7333333333;;;;;;;;;;;
0;67;22;2;8;78;0.9090909091;0.7638154769;0.9166666667;0.7333333333;;;;;;;;;;;
0;68;22;2;8;78;0.9090909091;0.7638154769;0.9166666667;0.7333333333;;;;;;;;;;;
0;69;22;2;8;78;0.9090909091;0.7638154769;0.9166666667;0.7333333333;;;;;;;;;;;
0;70;22;2;8;78;0.9090909091;0.7638154769;0.9166666667;0.7333333333;;;;;;;;;;;
0;71;22;2;8;78;0.9090909091;0.7638154769;0.9166666667;0.7333333333;;;;;;;;;;;
0;72;22;2;8;78;0.9090909091;0.7638154769;0.9166666667;0.7333333333;;;;;;;;;;;
0;73;22;2;8;78;0.9090909091;0.7638154769;0.9166666667;0.7333333333;;;;;;;;;;;
0;74;22;2;8;78;0.9090909091;0.7638154769;0.9166666667;0.7333333333;;;;;;;;;;;
0;75;22;2;8;78;0.9090909091;0.7638154769;0.9166666667;0.7333333333;;;;;;;;;;;
0;76;22;2;8;78;0.9090909091;0.7638154769;0.9166666667;0.7333333333;;;;;;;;;;;
0;77;22;2;8;78;0.9090909091;0.7638154769;0.9166666667;0.7333333333;;;;;;;;;;;
0;78;22;2;8;78;0.9090909091;0.7638154769;0.9166666667;0.7333333333;;;;;;;;;;;
0;79;22;2;8;78;0.9090909091;0.7638154769;0.9166666667;0.7333333333;;;;;;;;;;;
0;80;22;2;8;78;0.9090909091;0.7638154769;0.9166666667;0.7333333333;;;;;;;;;;;
0;81;22;2;8;78;0.9090909091;0.7638154769;0.9166666667;0.7333333333;;;;;;;;;;;
0;82;22;2;8;78;0.9090909091;0.7638154769;0.9166666667;0.7333333333;;;;;;;;;;;
0;83;22;2;8;78;0.9090909091;0.7638154769;0.9166666667;0.7333333333;;;;;;;;;;;
0;84;22;2;8;78;0.9090909091;0.7638154769;0.9166666667;0.7333333333;;;;;;;;;;;
0;85;22;2;8;78;0.9090909091;0.7638154769;0.9166666667;0.7333333333;;;;;;;;;;;
0;86;22;2;8;78;0.9090909091;0.7638154769;0.9166666667;0.7333333333;;;;;;;;;;;
0;87;22;2;8;78;0.9090909091;0.7638154769;0.9166666667;0.7333333333;;;;;;;;;;;
0;88;22;2;8;78;0.9090909091;0.7638154769;0.9166666667;0.7333333333;;;;;;;;;;;
0;89;22;2;8;78;0.9090909091;0.7638154769;0.9166666667;0.7333333333;;;;;;;;;;;
0;90;22;2;8;78;0.9090909091;0.7638154769;0.9166666667;0.7333333333;;;;;;;;;;;
0;91;22;2;8;78;0.9090909091;0.7638154769;0.9166666667;0.7333333333;;;;;;;;;;;
0;92;22;2;8;78;0.9090909091;0.7638154769;0.9166666667;0.7333333333;;;;;;;;;;;
0;93;22;2;8;78;0.9090909091;0.7638154769;0.9166666667;0.7333333333;;;;;;;;;;;
0;94;22;2;8;78;0.9090909091;0.7638154769;0.9166666667;0.7333333333;;;;;;;;;;;
0;95;22;2;8;78;0.9090909091;0.7638154769;0.9166666667;0.7333333333;;;;;;;;;;;
0;96;22;2;8;78;0.9090909091;0.7638154769;0.9166666667;0.7333333333;;;;;;;;;;;
0;97;22;2;8;78;0.9090909091;0.7638154769;0.9166666667;0.7333333333;;;;;;;;;;;
0;98;22;2;8;78;0.9090909091;0.7638154769;0.9166666667;0.7333333333;;;;;;;;;;;
1;0;26;7;9;68;0.8545454545;0.6601724505;0.7878787879;0.7428571429;;;;;;;;;;;
1;1;28;9;7;66;0.8545454545;0.6703649119;0.7567567568;0.8;;;;;;;;;;;
1;2;29;8;6;67;0.8727272727;0.7116759149;0.7837837838;0.8285714286;;;;;;;;;;;
1;3;31;8;4;67;0.8909090909;0.7585202519;0.7948717949;0.8857142857;;;;;;;;;;;
1;4;31;8;4;67;0.8909090909;0.7585202519;0.7948717949;0.8857142857;;;;;;;;;;;
1;5;31;8;4;67;0.8909090909;0.7585202519;0.7948717949;0.8857142857;;;;;;;;;;;
1;6;31;5;4;70;0.9181818182;0.8130302338;0.8611111111;0.8857142857;;;;;;;;;;;
1;7;29;4;6;71;0.9090909091;0.7879477635;0.8787878788;0.8285714286;;;;;;;;;;;
1;8;29;4;6;71;0.9090909091;0.7879477635;0.8787878788;0.8285714286;;;;;;;;;;;
1;9;29;3;6;72;0.9181818182;0.8086924734;0.90625;0.8285714286;;;;;;;;;;;
1;10;29;3;6;72;0.9181818182;0.8086924734;0.90625;0.8285714286;;;;;;;;;;;
1;11;29;3;6;72;0.9181818182;0.8086924734;0.90625;0.8285714286;;;;;;;;;;;
1;12;29;3;6;72;0.9181818182;0.8086924734;0.90625;0.8285714286;;;;;;;;;;;
1;13;29;3;6;72;0.9181818182;0.8086924734;0.90625;0.8285714286;;;;;;;;;;;
1;14;29;3;6;72;0.9181818182;0.8086924734;0.90625;0.8285714286;;;;;;;;;;;
1;15;29;3;6;72;0.9181818182;0.8086924734;0.90625;0.8285714286;;;;;;;;;;;
1;16;29;3;6;72;0.9181818182;0.8086924734;0.90625;0.8285714286;;;;;;;;;;;
1;17;28;3;7;72;0.9090909091;0.7868353327;0.9032258065;0.8;;;;;;;;;;;
1;18;27;3;8;72;0.9;0.76494631;0.9;0.7714285714;;;;;;;;;;;
1;19;27;3;8;72;0.9;0.76494631;0.9;0.7714285714;;;;;;;;;;;
1;20;27;3;8;72;0.9;0.76494631;0.9;0.7714285714;;;;;;;;;;;
1;21;27;2;8;73;0.9090909091;0.7873006309;0.9310344828;0.7714285714;;;;;;;;;;;
1;22;27;2;8;73;0.9090909091;0.7873006309;0.9310344828;0.7714285714;;;;;;;;;;;
1;23;27;2;8;73;0.9090909091;0.7873006309;0.9310344828;0.7714285714;;;;;;;;;;;
1;24;27;2;8;73;0.9090909091;0.7873006309;0.9310344828;0.7714285714;;;;;;;;;;;
1;25;27;2;8;73;0.9090909091;0.7873006309;0.9310344828;0.7714285714;;;;;;;;;;;
1;26;27;2;8;73;0.9090909091;0.7873006309;0.9310344828;0.7714285714;;;;;;;;;;;
1;27;27;2;8;73;0.9090909091;0.7873006309;0.9310344828;0.7714285714;;;;;;;;;;;
1;28;27;2;8;73;0.9090909091;0.7873006309;0.9310344828;0.7714285714;;;;;;;;;;;
1;29;27;2;8;73;0.9090909091;0.7873006309;0.9310344828;0.7714285714;;;;;;;;;;;
1;30;27;2;8;73;0.9090909091;0.7873006309;0.9310344828;0.7714285714;;;;;;;;;;;
1;31;27;2;8;73;0.9090909091;0.7873006309;0.9310344828;0.7714285714;;;;;;;;;;;
1;32;27;2;8;73;0.9090909091;0.7873006309;0.9310344828;0.7714285714;;;;;;;;;;;
1;33;27;2;8;73;0.9090909091;0.7873006309;0.9310344828;0.7714285714;;;;;;;;;;;
1;34;27;2;8;73;0.9090909091;0.7873006309;0.9310344828;0.7714285714;;;;;;;;;;;
1;35;27;2;8;73;0.9090909091;0.7873006309;0.9310344828;0.7714285714;;;;;;;;;;;
1;36;27;2;8;73;0.9090909091;0.7873006309;0.9310344828;0.7714285714;;;;;;;;;;;
1;37;28;2;7;73;0.9181818182;0.808771359;0.9333333333;0.8;;;;;;;;;;;
1;38;28;2;7;73;0.9181818182;0.808771359;0.9333333333;0.8;;;;;;;;;;;
1;39;28;2;7;73;0.9181818182;0.808771359;0.9333333333;0.8;;;;;;;;;;;
1;40;28;2;7;73;0.9181818182;0.808771359;0.9333333333;0.8;;;;;;;;;;;
1;41;28;2;7;73;0.9181818182;0.808771359;0.9333333333;0.8;;;;;;;;;;;
1;42;28;2;7;73;0.9181818182;0.808771359;0.9333333333;0.8;;;;;;;;;;;
1;43;29;2;6;73;0.9272727273;0.830219737;0.935483871;0.8285714286;;;;;;;;;;;
1;44;29;2;6;73;0.9272727273;0.830219737;0.935483871;0.8285714286;;;;;;;;;;;
1;45;29;2;6;73;0.9272727273;0.830219737;0.935483871;0.8285714286;;;;;;;;;;;
1;46;29;2;6;73;0.9272727273;0.830219737;0.935483871;0.8285714286;;;;;;;;;;;
1;47;29;2;6;73;0.9272727273;0.830219737;0.935483871;0.8285714286;;;;;;;;;;;
1;48;29;2;6;73;0.9272727273;0.830219737;0.935483871;0.8285714286;;;;;;;;;;;
1;49;29;2;6;73;0.9272727273;0.830219737;0.935483871;0.8285714286;;;;;;;;;;;
1;50;29;2;6;73;0.9272727273;0.830219737;0.935483871;0.8285714286;;;;;;;;;;;
1;51;29;2;6;73;0.9272727273;0.830219737;0.935483871;0.8285714286;;;;;;;;;;;
1;52;29;2;6;73;0.9272727273;0.830219737;0.935483871;0.8285714286;;;;;;;;;;;
1;53;28;2;7;73;0.9181818182;0.808771359;0.9333333333;0.8;;;;;;;;;;;
1;54;28;2;7;73;0.9181818182;0.808771359;0.9333333333;0.8;;;;;;;;;;;
1;55;28;2;7;73;0.9181818182;0.808771359;0.9333333333;0.8;;;;;;;;;;;
1;56;28;2;7;73;0.9181818182;0.808771359;0.9333333333;0.8;;;;;;;;;;;
1;57;28;2;7;73;0.9181818182;0.808771359;0.9333333333;0.8;;;;;;;;;;;
1;58;28;2;7;73;0.9181818182;0.808771359;0.9333333333;0.8;;;;;;;;;;;
1;59;28;2;7;73;0.9181818182;0.808771359;0.9333333333;0.8;;;;;;;;;;;
1;60;28;2;7;73;0.9181818182;0.808771359;0.9333333333;0.8;;;;;;;;;;;
1;61;28;1;7;74;0.9272727273;0.8315988761;0.9655172414;0.8;;;;;;;;;;;
1;62;28;1;7;74;0.9272727273;0.8315988761;0.9655172414;0.8;;;;;;;;;;;
1;63;28;1;7;74;0.9272727273;0.8315988761;0.9655172414;0.8;;;;;;;;;;;
1;64;28;1;7;74;0.9272727273;0.8315988761;0.9655172414;0.8;;;;;;;;;;;
1;65;28;1;7;74;0.9272727273;0.8315988761;0.9655172414;0.8;;;;;;;;;;;
1;66;28;1;7;74;0.9272727273;0.8315988761;0.9655172414;0.8;;;;;;;;;;;
1;67;28;1;7;74;0.9272727273;0.8315988761;0.9655172414;0.8;;;;;;;;;;;
1;68;27;1;8;74;0.9181818182;0.8105923125;0.9642857143;0.7714285714;;;;;;;;;;;
1;69;27;1;8;74;0.9181818182;0.8105923125;0.9642857143;0.7714285714;;;;;;;;;;;
1;70;27;1;8;74;0.9181818182;0.8105923125;0.9642857143;0.7714285714;;;;;;;;;;;
1;71;27;1;8;74;0.9181818182;0.8105923125;0.9642857143;0.7714285714;;;;;;;;;;;
1;72;27;1;8;74;0.9181818182;0.8105923125;0.9642857143;0.7714285714;;;;;;;;;;;
1;73;27;1;8;74;0.9181818182;0.8105923125;0.9642857143;0.7714285714;;;;;;;;;;;
1;74;27;1;8;74;0.9181818182;0.8105923125;0.9642857143;0.7714285714;;;;;;;;;;;
1;75;27;1;8;74;0.9181818182;0.8105923125;0.9642857143;0.7714285714;;;;;;;;;;;
1;76;27;1;8;74;0.9181818182;0.8105923125;0.9642857143;0.7714285714;;;;;;;;;;;
1;77;27;1;8;74;0.9181818182;0.8105923125;0.9642857143;0.7714285714;;;;;;;;;;;
1;78;27;1;8;74;0.9181818182;0.8105923125;0.9642857143;0.7714285714;;;;;;;;;;;
1;79;27;1;8;74;0.9181818182;0.8105923125;0.9642857143;0.7714285714;;;;;;;;;;;
1;80;27;1;8;74;0.9181818182;0.8105923125;0.9642857143;0.7714285714;;;;;;;;;;;
1;81;27;2;8;73;0.9090909091;0.7873006309;0.9310344828;0.7714285714;;;;;;;;;;;
1;82;27;2;8;73;0.9090909091;0.7873006309;0.9310344828;0.7714285714;;;;;;;;;;;
1;83;28;2;7;73;0.9181818182;0.808771359;0.9333333333;0.8;;;;;;;;;;;
1;84;27;2;8;73;0.9090909091;0.7873006309;0.9310344828;0.7714285714;;;;;;;;;;;
1;85;28;2;7;73;0.9181818182;0.808771359;0.9333333333;0.8;;;;;;;;;;;
1;86;28;2;7;73;0.9181818182;0.808771359;0.9333333333;0.8;;;;;;;;;;;
1;87;28;2;7;73;0.9181818182;0.808771359;0.9333333333;0.8;;;;;;;;;;;
1;88;28;2;7;73;0.9181818182;0.808771359;0.9333333333;0.8;;;;;;;;;;;
1;89;28;2;7;73;0.9181818182;0.808771359;0.9333333333;0.8;;;;;;;;;;;
1;90;28;2;7;73;0.9181818182;0.808771359;0.9333333333;0.8;;;;;;;;;;;
1;91;28;2;7;73;0.9181818182;0.808771359;0.9333333333;0.8;;;;;;;;;;;
1;92;28;2;7;73;0.9181818182;0.808771359;0.9333333333;0.8;;;;;;;;;;;
1;93;28;2;7;73;0.9181818182;0.808771359;0.9333333333;0.8;;;;;;;;;;;
1;94;28;2;7;73;0.9181818182;0.808771359;0.9333333333;0.8;;;;;;;;;;;
1;95;28;2;7;73;0.9181818182;0.808771359;0.9333333333;0.8;;;;;;;;;;;
1;96;28;2;7;73;0.9181818182;0.808771359;0.9333333333;0.8;;;;;;;;;;;
1;97;28;2;7;73;0.9181818182;0.808771359;0.9333333333;0.8;;;;;;;;;;;
1;98;28;2;7;73;0.9181818182;0.808771359;0.9333333333;0.8;;;;;;;;;;;
2;0;2;0;39;68;0.6422018349;0.1760701106;1;0.0487804878;;;;;;;;;;;
2;1;31;3;10;65;0.880733945;0.7444645738;0.9117647059;0.756097561;;;;;;;;;;;
2;2;33;4;8;64;0.8899082569;0.7632201715;0.8918918919;0.8048780488;;;;;;;;;;;
2;3;33;4;8;64;0.8899082569;0.7632201715;0.8918918919;0.8048780488;;;;;;;;;;;
2;4;33;4;8;64;0.8899082569;0.7632201715;0.8918918919;0.8048780488;;;;;;;;;;;
2;5;33;4;8;64;0.8899082569;0.7632201715;0.8918918919;0.8048780488;;;;;;;;;;;
2;6;33;4;8;64;0.8899082569;0.7632201715;0.8918918919;0.8048780488;;;;;;;;;;;
2;7;33;4;8;64;0.8899082569;0.7632201715;0.8918918919;0.8048780488;;;;;;;;;;;
2;8;33;4;8;64;0.8899082569;0.7632201715;0.8918918919;0.8048780488;;;;;;;;;;;
2;9;33;4;8;64;0.8899082569;0.7632201715;0.8918918919;0.8048780488;;;;;;;;;;;
2;10;33;4;8;64;0.8899082569;0.7632201715;0.8918918919;0.8048780488;;;;;;;;;;;
2;11;33;4;8;64;0.8899082569;0.7632201715;0.8918918919;0.8048780488;;;;;;;;;;;
2;12;33;4;8;64;0.8899082569;0.7632201715;0.8918918919;0.8048780488;;;;;;;;;;;
2;13;33;4;8;64;0.8899082569;0.7632201715;0.8918918919;0.8048780488;;;;;;;;;;;
2;14;33;4;8;64;0.8899082569;0.7632201715;0.8918918919;0.8048780488;;;;;;;;;;;
2;15;33;4;8;64;0.8899082569;0.7632201715;0.8918918919;0.8048780488;;;;;;;;;;;
2;16;33;5;8;63;0.880733945;0.7434467519;0.8684210526;0.8048780488;;;;;;;;;;;
2;17;33;6;8;62;0.871559633;0.7242154335;0.8461538462;0.8048780488;;;;;;;;;;;
2;18;33;6;8;62;0.871559633;0.7242154335;0.8461538462;0.8048780488;;;;;;;;;;;
2;19;33;6;8;62;0.871559633;0.7242154335;0.8461538462;0.8048780488;;;;;;;;;;;
2;20;32;5;9;63;0.871559633;0.723224499;0.8648648649;0.7804878049;;;;;;;;;;;
2;21;32;5;9;63;0.871559633;0.723224499;0.8648648649;0.7804878049;;;;;;;;;;;
2;22;32;5;9;63;0.871559633;0.723224499;0.8648648649;0.7804878049;;;;;;;;;;;
2;23;32;5;9;63;0.871559633;0.723224499;0.8648648649;0.7804878049;;;;;;;;;;;
2;24;32;5;9;63;0.871559633;0.723224499;0.8648648649;0.7804878049;;;;;;;;;;;
2;25;32;5;9;63;0.871559633;0.723224499;0.8648648649;0.7804878049;;;;;;;;;;;
2;26;32;5;9;63;0.871559633;0.723224499;0.8648648649;0.7804878049;;;;;;;;;;;
2;27;32;5;9;63;0.871559633;0.723224499;0.8648648649;0.7804878049;;;;;;;;;;;
2;28;32;5;9;63;0.871559633;0.723224499;0.8648648649;0.7804878049;;;;;;;;;;;
2;29;32;5;9;63;0.871559633;0.723224499;0.8648648649;0.7804878049;;;;;;;;;;;
2;30;32;5;9;63;0.871559633;0.723224499;0.8648648649;0.7804878049;;;;;;;;;;;
2;31;32;5;9;63;0.871559633;0.723224499;0.8648648649;0.7804878049;;;;;;;;;;;
2;32;32;5;9;63;0.871559633;0.723224499;0.8648648649;0.7804878049;;;;;;;;;;;
2;33;32;5;9;63;0.871559633;0.723224499;0.8648648649;0.7804878049;;;;;;;;;;;
2;34;32;5;9;63;0.871559633;0.723224499;0.8648648649;0.7804878049;;;;;;;;;;;
2;35;32;5;9;63;0.871559633;0.723224499;0.8648648649;0.7804878049;;;;;;;;;;;
2;36;32;5;9;63;0.871559633;0.723224499;0.8648648649;0.7804878049;;;;;;;;;;;
2;37;33;5;8;63;0.880733945;0.7434467519;0.8684210526;0.8048780488;;;;;;;;;;;
2;38;33;5;8;63;0.880733945;0.7434467519;0.8684210526;0.8048780488;;;;;;;;;;;
2;39;33;5;8;63;0.880733945;0.7434467519;0.8684210526;0.8048780488;;;;;;;;;;;
2;40;33;5;8;63;0.880733945;0.7434467519;0.8684210526;0.8048780488;;;;;;;;;;;
2;41;33;5;8;63;0.880733945;0.7434467519;0.8684210526;0.8048780488;;;;;;;;;;;
2;42;33;5;8;63;0.880733945;0.7434467519;0.8684210526;0.8048780488;;;;;;;;;;;
2;43;33;5;8;63;0.880733945;0.7434467519;0.8684210526;0.8048780488;;;;;;;;;;;
2;44;33;5;8;63;0.880733945;0.7434467519;0.8684210526;0.8048780488;;;;;;;;;;;
2;45;33;5;8;63;0.880733945;0.7434467519;0.8684210526;0.8048780488;;;;;;;;;;;
2;46;33;5;8;63;0.880733945;0.7434467519;0.8684210526;0.8048780488;;;;;;;;;;;
2;47;33;5;8;63;0.880733945;0.7434467519;0.8684210526;0.8048780488;;;;;;;;;;;
2;48;33;5;8;63;0.880733945;0.7434467519;0.8684210526;0.8048780488;;;;;;;;;;;
2;49;33;5;8;63;0.880733945;0.7434467519;0.8684210526;0.8048780488;;;;;;;;;;;
2;50;33;5;8;63;0.880733945;0.7434467519;0.8684210526;0.8048780488;;;;;;;;;;;
2;51;33;5;8;63;0.880733945;0.7434467519;0.8684210526;0.8048780488;;;;;;;;;;;
2;52;33;5;8;63;0.880733945;0.7434467519;0.8684210526;0.8048780488;;;;;;;;;;;
2;53;33;5;8;63;0.880733945;0.7434467519;0.8684210526;0.8048780488;;;;;;;;;;;
2;54;33;5;8;63;0.880733945;0.7434467519;0.8684210526;0.8048780488;;;;;;;;;;;
2;55;33;5;8;63;0.880733945;0.7434467519;0.8684210526;0.8048780488;;;;;;;;;;;
2;56;33;3;8;65;0.8990825688;0.783576862;0.9166666667;0.8048780488;;;;;;;;;;;
2;57;33;3;8;65;0.8990825688;0.783576862;0.9166666667;0.8048780488;;;;;;;;;;;
2;58;33;3;8;65;0.8990825688;0.783576862;0.9166666667;0.8048780488;;;;;;;;;;;
2;59;33;3;8;65;0.8990825688;0.783576862;0.9166666667;0.8048780488;;;;;;;;;;;
2;60;33;3;8;65;0.8990825688;0.783576862;0.9166666667;0.8048780488;;;;;;;;;;;
2;61;33;3;8;65;0.8990825688;0.783576862;0.9166666667;0.8048780488;;;;;;;;;;;
2;62;33;3;8;65;0.8990825688;0.783576862;0.9166666667;0.8048780488;;;;;;;;;;;
2;63;33;3;8;65;0.8990825688;0.783576862;0.9166666667;0.8048780488;;;;;;;;;;;
2;64;33;3;8;65;0.8990825688;0.783576862;0.9166666667;0.8048780488;;;;;;;;;;;
2;65;33;3;8;65;0.8990825688;0.783576862;0.9166666667;0.8048780488;;;;;;;;;;;
2;66;33;3;8;65;0.8990825688;0.783576862;0.9166666667;0.8048780488;;;;;;;;;;;
2;67;33;3;8;65;0.8990825688;0.783576862;0.9166666667;0.8048780488;;;;;;;;;;;
2;68;33;3;8;65;0.8990825688;0.783576862;0.9166666667;0.8048780488;;;;;;;;;;;
2;69;33;3;8;65;0.8990825688;0.783576862;0.9166666667;0.8048780488;;;;;;;;;;;
2;70;33;3;8;65;0.8990825688;0.783576862;0.9166666667;0.8048780488;;;;;;;;;;;
2;71;33;3;8;65;0.8990825688;0.783576862;0.9166666667;0.8048780488;;;;;;;;;;;
2;72;33;3;8;65;0.8990825688;0.783576862;0.9166666667;0.8048780488;;;;;;;;;;;
2;73;33;3;8;65;0.8990825688;0.783576862;0.9166666667;0.8048780488;;;;;;;;;;;
2;74;33;3;8;65;0.8990825688;0.783576862;0.9166666667;0.8048780488;;;;;;;;;;;
2;75;33;3;8;65;0.8990825688;0.783576862;0.9166666667;0.8048780488;;;;;;;;;;;
2;76;33;3;8;65;0.8990825688;0.783576862;0.9166666667;0.8048780488;;;;;;;;;;;
2;77;33;3;8;65;0.8990825688;0.783576862;0.9166666667;0.8048780488;;;;;;;;;;;
2;78;33;3;8;65;0.8990825688;0.783576862;0.9166666667;0.8048780488;;;;;;;;;;;
2;79;33;3;8;65;0.8990825688;0.783576862;0.9166666667;0.8048780488;;;;;;;;;;;
2;80;33;3;8;65;0.8990825688;0.783576862;0.9166666667;0.8048780488;;;;;;;;;;;
2;81;33;3;8;65;0.8990825688;0.783576862;0.9166666667;0.8048780488;;;;;;;;;;;
2;82;33;3;8;65;0.8990825688;0.783576862;0.9166666667;0.8048780488;;;;;;;;;;;
2;83;33;3;8;65;0.8990825688;0.783576862;0.9166666667;0.8048780488;;;;;;;;;;;
2;84;33;3;8;65;0.8990825688;0.783576862;0.9166666667;0.8048780488;;;;;;;;;;;
2;85;33;3;8;65;0.8990825688;0.783576862;0.9166666667;0.8048780488;;;;;;;;;;;
2;86;33;3;8;65;0.8990825688;0.783576862;0.9166666667;0.8048780488;;;;;;;;;;;
2;87;33;3;8;65;0.8990825688;0.783576862;0.9166666667;0.8048780488;;;;;;;;;;;
2;88;33;3;8;65;0.8990825688;0.783576862;0.9166666667;0.8048780488;;;;;;;;;;;
2;89;33;3;8;65;0.8990825688;0.783576862;0.9166666667;0.8048780488;;;;;;;;;;;
2;90;33;3;8;65;0.8990825688;0.783576862;0.9166666667;0.8048780488;;;;;;;;;;;
2;91;33;3;8;65;0.8990825688;0.783576862;0.9166666667;0.8048780488;;;;;;;;;;;
2;92;33;3;8;65;0.8990825688;0.783576862;0.9166666667;0.8048780488;;;;;;;;;;;
2;93;33;3;8;65;0.8990825688;0.783576862;0.9166666667;0.8048780488;;;;;;;;;;;
2;94;33;3;8;65;0.8990825688;0.783576862;0.9166666667;0.8048780488;;;;;;;;;;;
2;95;33;3;8;65;0.8990825688;0.783576862;0.9166666667;0.8048780488;;;;;;;;;;;
2;96;33;3;8;65;0.8990825688;0.783576862;0.9166666667;0.8048780488;;;;;;;;;;;
2;97;33;3;8;65;0.8990825688;0.783576862;0.9166666667;0.8048780488;;;;;;;;;;;
2;98;33;3;8;65;0.8990825688;0.783576862;0.9166666667;0.8048780488;;;;;;;;;;;
3;0;17;9;8;75;0.8440366972;0.5651064442;0.6538461538;0.68;;;;;;;;;;;
3;1;21;13;4;71;0.8440366972;0.6218434388;0.6176470588;0.84;;;;;;;;;;;
3;2;24;12;1;72;0.880733945;0.7304575053;0.6666666667;0.96;;;;;;;;;;;
3;3;24;12;1;72;0.880733945;0.7304575053;0.6666666667;0.96;;;;;;;;;;;
3;4;24;13;1;71;0.871559633;0.7149354795;0.6486486486;0.96;;;;;;;;;;;
3;5;24;12;1;72;0.880733945;0.7304575053;0.6666666667;0.96;;;;;;;;;;;
3;6;24;12;1;72;0.880733945;0.7304575053;0.6666666667;0.96;;;;;;;;;;;
3;7;24;13;1;71;0.871559633;0.7149354795;0.6486486486;0.96;;;;;;;;;;;
3;8;24;13;1;71;0.871559633;0.7149354795;0.6486486486;0.96;;;;;;;;;;;
3;9;24;12;1;72;0.880733945;0.7304575053;0.6666666667;0.96;;;;;;;;;;;
3;10;24;12;1;72;0.880733945;0.7304575053;0.6666666667;0.96;;;;;;;;;;;
3;11;24;11;1;73;0.8899082569;0.7465162086;0.6857142857;0.96;;;;;;;;;;;
3;12;24;11;1;73;0.8899082569;0.7465162086;0.6857142857;0.96;;;;;;;;;;;
3;13;24;11;1;73;0.8899082569;0.7465162086;0.6857142857;0.96;;;;;;;;;;;
3;14;24;11;1;73;0.8899082569;0.7465162086;0.6857142857;0.96;;;;;;;;;;;
3;15;24;11;1;73;0.8899082569;0.7465162086;0.6857142857;0.96;;;;;;;;;;;
3;16;24;12;1;72;0.880733945;0.7304575053;0.6666666667;0.96;;;;;;;;;;;
3;17;24;12;1;72;0.880733945;0.7304575053;0.6666666667;0.96;;;;;;;;;;;
3;18;24;12;1;72;0.880733945;0.7304575053;0.6666666667;0.96;;;;;;;;;;;
3;19;24;12;1;72;0.880733945;0.7304575053;0.6666666667;0.96;;;;;;;;;;;
3;20;24;12;1;72;0.880733945;0.7304575053;0.6666666667;0.96;;;;;;;;;;;
3;21;24;11;1;73;0.8899082569;0.7465162086;0.6857142857;0.96;;;;;;;;;;;
3;22;24;11;1;73;0.8899082569;0.7465162086;0.6857142857;0.96;;;;;;;;;;;
3;23;24;11;1;73;0.8899082569;0.7465162086;0.6857142857;0.96;;;;;;;;;;;
3;24;24;11;1;73;0.8899082569;0.7465162086;0.6857142857;0.96;;;;;;;;;;;
3;25;24;11;1;73;0.8899082569;0.7465162086;0.6857142857;0.96;;;;;;;;;;;
3;26;24;11;1;73;0.8899082569;0.7465162086;0.6857142857;0.96;;;;;;;;;;;
3;27;24;11;1;73;0.8899082569;0.7465162086;0.6857142857;0.96;;;;;;;;;;;
3;28;24;11;1;73;0.8899082569;0.7465162086;0.6857142857;0.96;;;;;;;;;;;
3;29;24;11;1;73;0.8899082569;0.7465162086;0.6857142857;0.96;;;;;;;;;;;
3;30;24;11;1;73;0.8899082569;0.7465162086;0.6857142857;0.96;;;;;;;;;;;
3;31;24;11;1;73;0.8899082569;0.7465162086;0.6857142857;0.96;;;;;;;;;;;
3;32;24;11;1;73;0.8899082569;0.7465162086;0.6857142857;0.96;;;;;;;;;;;
3;33;24;11;1;73;0.8899082569;0.7465162086;0.6857142857;0.96;;;;;;;;;;;
3;34;24;10;1;74;0.8990825688;0.7631518505;0.7058823529;0.96;;;;;;;;;;;
3;35;24;10;1;74;0.8990825688;0.7631518505;0.7058823529;0.96;;;;;;;;;;;
3;36;24;10;1;74;0.8990825688;0.7631518505;0.7058823529;0.96;;;;;;;;;;;
3;37;24;9;1;75;0.9082568807;0.780408826;0.7272727273;0.96;;;;;;;;;;;
3;38;24;9;1;75;0.9082568807;0.780408826;0.7272727273;0.96;;;;;;;;;;;
3;39;24;9;1;75;0.9082568807;0.780408826;0.7272727273;0.96;;;;;;;;;;;
3;40;24;9;1;75;0.9082568807;0.780408826;0.7272727273;0.96;;;;;;;;;;;
3;41;24;9;1;75;0.9082568807;0.780408826;0.7272727273;0.96;;;;;;;;;;;
3;42;24;9;1;75;0.9082568807;0.780408826;0.7272727273;0.96;;;;;;;;;;;
3;43;24;9;1;75;0.9082568807;0.780408826;0.7272727273;0.96;;;;;;;;;;;
3;44;24;9;1;75;0.9082568807;0.780408826;0.7272727273;0.96;;;;;;;;;;;
3;45;24;9;1;75;0.9082568807;0.780408826;0.7272727273;0.96;;;;;;;;;;;
3;46;24;9;1;75;0.9082568807;0.780408826;0.7272727273;0.96;;;;;;;;;;;
3;47;24;9;1;75;0.9082568807;0.780408826;0.7272727273;0.96;;;;;;;;;;;
3;48;24;9;1;75;0.9082568807;0.780408826;0.7272727273;0.96;;;;;;;;;;;
3;49;24;9;1;75;0.9082568807;0.780408826;0.7272727273;0.96;;;;;;;;;;;
3;50;24;9;1;75;0.9082568807;0.780408826;0.7272727273;0.96;;;;;;;;;;;
3;51;24;9;1;75;0.9082568807;0.780408826;0.7272727273;0.96;;;;;;;;;;;
3;52;24;9;1;75;0.9082568807;0.780408826;0.7272727273;0.96;;;;;;;;;;;
3;53;24;9;1;75;0.9082568807;0.780408826;0.7272727273;0.96;;;;;;;;;;;
3;54;24;9;1;75;0.9082568807;0.780408826;0.7272727273;0.96;;;;;;;;;;;
3;55;24;9;1;75;0.9082568807;0.780408826;0.7272727273;0.96;;;;;;;;;;;
3;56;24;9;1;75;0.9082568807;0.780408826;0.7272727273;0.96;;;;;;;;;;;
3;57;24;9;1;75;0.9082568807;0.780408826;0.7272727273;0.96;;;;;;;;;;;
3;58;24;9;1;75;0.9082568807;0.780408826;0.7272727273;0.96;;;;;;;;;;;
3;59;24;9;1;75;0.9082568807;0.780408826;0.7272727273;0.96;;;;;;;;;;;
3;60;24;9;1;75;0.9082568807;0.780408826;0.7272727273;0.96;;;;;;;;;;;
3;61;24;9;1;75;0.9082568807;0.780408826;0.7272727273;0.96;;;;;;;;;;;
3;62;24;9;1;75;0.9082568807;0.780408826;0.7272727273;0.96;;;;;;;;;;;
3;63;24;9;1;75;0.9082568807;0.780408826;0.7272727273;0.96;;;;;;;;;;;
3;64;24;9;1;75;0.9082568807;0.780408826;0.7272727273;0.96;;;;;;;;;;;
3;65;24;9;1;75;0.9082568807;0.780408826;0.7272727273;0.96;;;;;;;;;;;
3;66;24;9;1;75;0.9082568807;0.780408826;0.7272727273;0.96;;;;;;;;;;;
3;67;24;9;1;75;0.9082568807;0.780408826;0.7272727273;0.96;;;;;;;;;;;
3;68;24;9;1;75;0.9082568807;0.780408826;0.7272727273;0.96;;;;;;;;;;;
3;69;24;9;1;75;0.9082568807;0.780408826;0.7272727273;0.96;;;;;;;;;;;
3;70;24;9;1;75;0.9082568807;0.780408826;0.7272727273;0.96;;;;;;;;;;;
3;71;24;9;1;75;0.9082568807;0.780408826;0.7272727273;0.96;;;;;;;;;;;
3;72;24;9;1;75;0.9082568807;0.780408826;0.7272727273;0.96;;;;;;;;;;;
3;73;24;9;1;75;0.9082568807;0.780408826;0.7272727273;0.96;;;;;;;;;;;
3;74;24;9;1;75;0.9082568807;0.780408826;0.7272727273;0.96;;;;;;;;;;;
3;75;24;9;1;75;0.9082568807;0.780408826;0.7272727273;0.96;;;;;;;;;;;
3;76;24;9;1;75;0.9082568807;0.780408826;0.7272727273;0.96;;;;;;;;;;;
3;77;24;9;1;75;0.9082568807;0.780408826;0.7272727273;0.96;;;;;;;;;;;
3;78;24;9;1;75;0.9082568807;0.780408826;0.7272727273;0.96;;;;;;;;;;;
3;79;24;9;1;75;0.9082568807;0.780408826;0.7272727273;0.96;;;;;;;;;;;
3;80;24;9;1;75;0.9082568807;0.780408826;0.7272727273;0.96;;;;;;;;;;;
3;81;24;9;1;75;0.9082568807;0.780408826;0.7272727273;0.96;;;;;;;;;;;
3;82;24;9;1;75;0.9082568807;0.780408826;0.7272727273;0.96;;;;;;;;;;;
3;83;24;9;1;75;0.9082568807;0.780408826;0.7272727273;0.96;;;;;;;;;;;
3;84;24;9;1;75;0.9082568807;0.780408826;0.7272727273;0.96;;;;;;;;;;;
3;85;24;9;1;75;0.9082568807;0.780408826;0.7272727273;0.96;;;;;;;;;;;
3;86;24;9;1;75;0.9082568807;0.780408826;0.7272727273;0.96;;;;;;;;;;;
3;87;24;9;1;75;0.9082568807;0.780408826;0.7272727273;0.96;;;;;;;;;;;
3;88;24;9;1;75;0.9082568807;0.780408826;0.7272727273;0.96;;;;;;;;;;;
3;89;24;9;1;75;0.9082568807;0.780408826;0.7272727273;0.96;;;;;;;;;;;
3;90;24;9;1;75;0.9082568807;0.780408826;0.7272727273;0.96;;;;;;;;;;;
3;91;23;9;2;75;0.8990825688;0.7504184825;0.71875;0.92;;;;;;;;;;;
3;92;23;9;2;75;0.8990825688;0.7504184825;0.71875;0.92;;;;;;;;;;;
3;93;23;10;2;74;0.8899082569;0.7329132582;0.696969697;0.92;;;;;;;;;;;
3;94;23;10;2;74;0.8899082569;0.7329132582;0.696969697;0.92;;;;;;;;;;;
3;95;23;10;2;74;0.8899082569;0.7329132582;0.696969697;0.92;;;;;;;;;;;
3;96;23;10;2;74;0.8899082569;0.7329132582;0.696969697;0.92;;;;;;;;;;;
3;97;23;10;2;74;0.8899082569;0.7329132582;0.696969697;0.92;;;;;;;;;;;
3;98;23;10;2;74;0.8899082569;0.7329132582;0.696969697;0.92;;;;;;;;;;;
4;0;16;8;21;64;0.7339449541;0.3671906134;0.6666666667;0.4324324324;;;;;;;;;;;
4;1;25;8;12;64;0.8165137615;0.5818579331;0.7575757576;0.6756756757;;;;;;;;;;;
4;2;26;6;11;66;0.8440366972;0.6440157406;0.8125;0.7027027027;;;;;;;;;;;
4;3;27;6;10;66;0.8532110092;0.6661963835;0.8181818182;0.7297297297;;;;;;;;;;;
4;4;28;6;9;66;0.8623853211;0.688311837;0.8235294118;0.7567567568;;;;;;;;;;;
4;5;28;7;9;65;0.8532110092;0.6688901016;0.8;0.7567567568;;;;;;;;;;;
4;6;29;7;8;65;0.8623853211;0.691248043;0.8055555556;0.7837837838;;;;;;;;;;;
4;7;28;6;9;66;0.8623853211;0.688311837;0.8235294118;0.7567567568;;;;;;;;;;;
4;8;28;6;9;66;0.8623853211;0.688311837;0.8235294118;0.7567567568;;;;;;;;;;;
4;9;28;6;9;66;0.8623853211;0.688311837;0.8235294118;0.7567567568;;;;;;;;;;;
4;10;28;6;9;66;0.8623853211;0.688311837;0.8235294118;0.7567567568;;;;;;;;;;;
4;11;28;6;9;66;0.8623853211;0.688311837;0.8235294118;0.7567567568;;;;;;;;;;;
4;12;28;4;9;68;0.880733945;0.7291038809;0.875;0.7567567568;;;;;;;;;;;
4;13;27;4;10;68;0.871559633;0.7076378818;0.8709677419;0.7297297297;;;;;;;;;;;
4;14;27;4;10;68;0.871559633;0.7076378818;0.8709677419;0.7297297297;;;;;;;;;;;
4;15;26;4;11;68;0.8623853211;0.6861135215;0.8666666667;0.7027027027;;;;;;;;;;;
4;16;26;4;11;68;0.8623853211;0.6861135215;0.8666666667;0.7027027027;;;;;;;;;;;
4;17;26;4;11;68;0.8623853211;0.6861135215;0.8666666667;0.7027027027;;;;;;;;;;;
4;18;26;4;11;68;0.8623853211;0.6861135215;0.8666666667;0.7027027027;;;;;;;;;;;
4;19;26;4;11;68;0.8623853211;0.6861135215;0.8666666667;0.7027027027;;;;;;;;;;;
4;20;26;4;11;68;0.8623853211;0.6861135215;0.8666666667;0.7027027027;;;;;;;;;;;
4;21;26;4;11;68;0.8623853211;0.6861135215;0.8666666667;0.7027027027;;;;;;;;;;;
4;22;26;3;11;69;0.871559633;0.7083505791;0.8965517241;0.7027027027;;;;;;;;;;;
4;23;26;3;11;69;0.871559633;0.7083505791;0.8965517241;0.7027027027;;;;;;;;;;;
4;24;26;3;11;69;0.871559633;0.7083505791;0.8965517241;0.7027027027;;;;;;;;;;;
4;25;26;3;11;69;0.871559633;0.7083505791;0.8965517241;0.7027027027;;;;;;;;;;;
4;26;26;3;11;69;0.871559633;0.7083505791;0.8965517241;0.7027027027;;;;;;;;;;;
4;27;26;3;11;69;0.871559633;0.7083505791;0.8965517241;0.7027027027;;;;;;;;;;;
4;28;26;3;11;69;0.871559633;0.7083505791;0.8965517241;0.7027027027;;;;;;;;;;;
4;29;26;3;11;69;0.871559633;0.7083505791;0.8965517241;0.7027027027;;;;;;;;;;;
4;30;26;3;11;69;0.871559633;0.7083505791;0.8965517241;0.7027027027;;;;;;;;;;;
4;31;26;3;11;69;0.871559633;0.7083505791;0.8965517241;0.7027027027;;;;;;;;;;;
4;32;26;3;11;69;0.871559633;0.7083505791;0.8965517241;0.7027027027;;;;;;;;;;;
4;33;26;3;11;69;0.871559633;0.7083505791;0.8965517241;0.7027027027;;;;;;;;;;;
4;34;26;3;11;69;0.871559633;0.7083505791;0.8965517241;0.7027027027;;;;;;;;;;;
4;35;26;3;11;69;0.871559633;0.7083505791;0.8965517241;0.7027027027;;;;;;;;;;;
4;36;26;3;11;69;0.871559633;0.7083505791;0.8965517241;0.7027027027;;;;;;;;;;;
4;37;26;3;11;69;0.871559633;0.7083505791;0.8965517241;0.7027027027;;;;;;;;;;;
4;38;26;3;11;69;0.871559633;0.7083505791;0.8965517241;0.7027027027;;;;;;;;;;;
4;39;26;3;11;69;0.871559633;0.7083505791;0.8965517241;0.7027027027;;;;;;;;;;;
4;40;26;3;11;69;0.871559633;0.7083505791;0.8965517241;0.7027027027;;;;;;;;;;;
4;41;26;3;11;69;0.871559633;0.7083505791;0.8965517241;0.7027027027;;;;;;;;;;;
4;42;26;3;11;69;0.871559633;0.7083505791;0.8965517241;0.7027027027;;;;;;;;;;;
4;43;26;3;11;69;0.871559633;0.7083505791;0.8965517241;0.7027027027;;;;;;;;;;;
4;44;26;3;11;69;0.871559633;0.7083505791;0.8965517241;0.7027027027;;;;;;;;;;;
4;45;26;3;11;69;0.871559633;0.7083505791;0.8965517241;0.7027027027;;;;;;;;;;;
4;46;26;3;11;69;0.871559633;0.7083505791;0.8965517241;0.7027027027;;;;;;;;;;;
4;47;26;3;11;69;0.871559633;0.7083505791;0.8965517241;0.7027027027;;;;;;;;;;;
4;48;26;3;11;69;0.871559633;0.7083505791;0.8965517241;0.7027027027;;;;;;;;;;;
4;49;26;3;11;69;0.871559633;0.7083505791;0.8965517241;0.7027027027;;;;;;;;;;;
4;50;26;3;11;69;0.871559633;0.7083505791;0.8965517241;0.7027027027;;;;;;;;;;;
4;51;26;3;11;69;0.871559633;0.7083505791;0.8965517241;0.7027027027;;;;;;;;;;;
4;52;26;3;11;69;0.871559633;0.7083505791;0.8965517241;0.7027027027;;;;;;;;;;;
4;53;26;3;11;69;0.871559633;0.7083505791;0.8965517241;0.7027027027;;;;;;;;;;;
4;54;26;3;11;69;0.871559633;0.7083505791;0.8965517241;0.7027027027;;;;;;;;;;;
4;55;26;3;11;69;0.871559633;0.7083505791;0.8965517241;0.7027027027;;;;;;;;;;;
4;56;26;3;11;69;0.871559633;0.7083505791;0.8965517241;0.7027027027;;;;;;;;;;;
4;57;26;3;11;69;0.871559633;0.7083505791;0.8965517241;0.7027027027;;;;;;;;;;;
4;58;26;3;11;69;0.871559633;0.7083505791;0.8965517241;0.7027027027;;;;;;;;;;;
4;59;26;3;11;69;0.871559633;0.7083505791;0.8965517241;0.7027027027;;;;;;;;;;;
4;60;26;3;11;69;0.871559633;0.7083505791;0.8965517241;0.7027027027;;;;;;;;;;;
4;61;26;3;11;69;0.871559633;0.7083505791;0.8965517241;0.7027027027;;;;;;;;;;;
4;62;26;3;11;69;0.871559633;0.7083505791;0.8965517241;0.7027027027;;;;;;;;;;;
4;63;26;3;11;69;0.871559633;0.7083505791;0.8965517241;0.7027027027;;;;;;;;;;;
4;64;26;3;11;69;0.871559633;0.7083505791;0.8965517241;0.7027027027;;;;;;;;;;;
4;65;26;3;11;69;0.871559633;0.7083505791;0.8965517241;0.7027027027;;;;;;;;;;;
4;66;26;3;11;69;0.871559633;0.7083505791;0.8965517241;0.7027027027;;;;;;;;;;;
4;67;26;3;11;69;0.871559633;0.7083505791;0.8965517241;0.7027027027;;;;;;;;;;;
4;68;26;3;11;69;0.871559633;0.7083505791;0.8965517241;0.7027027027;;;;;;;;;;;
4;69;26;3;11;69;0.871559633;0.7083505791;0.8965517241;0.7027027027;;;;;;;;;;;
4;70;26;3;11;69;0.871559633;0.7083505791;0.8965517241;0.7027027027;;;;;;;;;;;
4;71;26;3;11;69;0.871559633;0.7083505791;0.8965517241;0.7027027027;;;;;;;;;;;
4;72;26;3;11;69;0.871559633;0.7083505791;0.8965517241;0.7027027027;;;;;;;;;;;
4;73;26;3;11;69;0.871559633;0.7083505791;0.8965517241;0.7027027027;;;;;;;;;;;
4;74;26;3;11;69;0.871559633;0.7083505791;0.8965517241;0.7027027027;;;;;;;;;;;
4;75;26;3;11;69;0.871559633;0.7083505791;0.8965517241;0.7027027027;;;;;;;;;;;
4;76;26;3;11;69;0.871559633;0.7083505791;0.8965517241;0.7027027027;;;;;;;;;;;
4;77;26;3;11;69;0.871559633;0.7083505791;0.8965517241;0.7027027027;;;;;;;;;;;
4;78;26;3;11;69;0.871559633;0.7083505791;0.8965517241;0.7027027027;;;;;;;;;;;
4;79;26;3;11;69;0.871559633;0.7083505791;0.8965517241;0.7027027027;;;;;;;;;;;
4;80;25;3;12;69;0.8623853211;0.6871333289;0.8928571429;0.6756756757;;;;;;;;;;;
4;81;25;3;12;69;0.8623853211;0.6871333289;0.8928571429;0.6756756757;;;;;;;;;;;
4;82;25;3;12;69;0.8623853211;0.6871333289;0.8928571429;0.6756756757;;;;;;;;;;;
4;83;25;3;12;69;0.8623853211;0.6871333289;0.8928571429;0.6756756757;;;;;;;;;;;
4;84;25;3;12;69;0.8623853211;0.6871333289;0.8928571429;0.6756756757;;;;;;;;;;;
4;85;25;3;12;69;0.8623853211;0.6871333289;0.8928571429;0.6756756757;;;;;;;;;;;
4;86;25;3;12;69;0.8623853211;0.6871333289;0.8928571429;0.6756756757;;;;;;;;;;;
4;87;26;3;11;69;0.871559633;0.7083505791;0.8965517241;0.7027027027;;;;;;;;;;;
4;88;26;3;11;69;0.871559633;0.7083505791;0.8965517241;0.7027027027;;;;;;;;;;;
4;89;26;3;11;69;0.871559633;0.7083505791;0.8965517241;0.7027027027;;;;;;;;;;;
4;90;26;3;11;69;0.871559633;0.7083505791;0.8965517241;0.7027027027;;;;;;;;;;;
4;91;26;3;11;69;0.871559633;0.7083505791;0.8965517241;0.7027027027;;;;;;;;;;;
4;92;26;3;11;69;0.871559633;0.7083505791;0.8965517241;0.7027027027;;;;;;;;;;;
4;93;26;3;11;69;0.871559633;0.7083505791;0.8965517241;0.7027027027;;;;;;;;;;;
4;94;26;3;11;69;0.871559633;0.7083505791;0.8965517241;0.7027027027;;;;;;;;;;;
4;95;26;3;11;69;0.871559633;0.7083505791;0.8965517241;0.7027027027;;;;;;;;;;;
4;96;26;3;11;69;0.871559633;0.7083505791;0.8965517241;0.7027027027;;;;;;;;;;;
4;97;26;3;11;69;0.871559633;0.7083505791;0.8965517241;0.7027027027;;;;;;;;;;;
4;98;26;3;11;69;0.871559633;0.7083505791;0.8965517241;0.7027027027;;;;;;;;;;;
5;0;13;2;24;70;0.7614678899;0.4447649953;0.8666666667;0.3513513514;;;;;;;;;;;
5;1;27;6;10;66;0.8532110092;0.6661963835;0.8181818182;0.7297297297;;;;;;;;;;;
5;2;28;7;9;65;0.8532110092;0.6688901016;0.8;0.7567567568;;;;;;;;;;;
5;3;28;7;9;65;0.8532110092;0.6688901016;0.8;0.7567567568;;;;;;;;;;;
5;4;28;6;9;66;0.8623853211;0.688311837;0.8235294118;0.7567567568;;;;;;;;;;;
5;5;28;6;9;66;0.8623853211;0.688311837;0.8235294118;0.7567567568;;;;;;;;;;;
5;6;29;6;8;66;0.871559633;0.7103864141;0.8285714286;0.7837837838;;;;;;;;;;;
5;7;30;6;7;66;0.880733945;0.7324432517;0.8333333333;0.8108108108;;;;;;;;;;;
5;8;31;6;6;66;0.8899082569;0.7545045045;0.8378378378;0.8378378378;;;;;;;;;;;
5;9;32;6;5;66;0.8990825688;0.776591517;0.8421052632;0.8648648649;;;;;;;;;;;
5;10;32;7;5;65;0.8899082569;0.7583066745;0.8205128205;0.8648648649;;;;;;;;;;;
5;11;32;7;5;65;0.8899082569;0.7583066745;0.8205128205;0.8648648649;;;;;;;;;;;
5;12;32;8;5;64;0.880733945;0.740528977;0.8;0.8648648649;;;;;;;;;;;
5;13;32;8;5;64;0.880733945;0.740528977;0.8;0.8648648649;;;;;;;;;;;
5;14;32;8;5;64;0.880733945;0.740528977;0.8;0.8648648649;;;;;;;;;;;
5;15;32;8;5;64;0.880733945;0.740528977;0.8;0.8648648649;;;;;;;;;;;
5;16;32;8;5;64;0.880733945;0.740528977;0.8;0.8648648649;;;;;;;;;;;
5;17;33;8;4;64;0.8899082569;0.7632201715;0.8048780488;0.8918918919;;;;;;;;;;;
5;18;33;8;4;64;0.8899082569;0.7632201715;0.8048780488;0.8918918919;;;;;;;;;;;
5;19;33;7;4;65;0.8990825688;0.7807270141;0.825;0.8918918919;;;;;;;;;;;
5;20;33;7;4;65;0.8990825688;0.7807270141;0.825;0.8918918919;;;;;;;;;;;
5;21;33;7;4;65;0.8990825688;0.7807270141;0.825;0.8918918919;;;;;;;;;;;
5;22;33;7;4;65;0.8990825688;0.7807270141;0.825;0.8918918919;;;;;;;;;;;
5;23;33;7;4;65;0.8990825688;0.7807270141;0.825;0.8918918919;;;;;;;;;;;
5;24;33;7;4;65;0.8990825688;0.7807270141;0.825;0.8918918919;;;;;;;;;;;
5;25;32;8;5;64;0.880733945;0.740528977;0.8;0.8648648649;;;;;;;;;;;
5;26;32;7;5;65;0.8899082569;0.7583066745;0.8205128205;0.8648648649;;;;;;;;;;;
5;27;32;7;5;65;0.8899082569;0.7583066745;0.8205128205;0.8648648649;;;;;;;;;;;
5;28;32;8;5;64;0.880733945;0.740528977;0.8;0.8648648649;;;;;;;;;;;
5;29;32;8;5;64;0.880733945;0.740528977;0.8;0.8648648649;;;;;;;;;;;
5;30;32;8;5;64;0.880733945;0.740528977;0.8;0.8648648649;;;;;;;;;;;
5;31;32;8;5;64;0.880733945;0.740528977;0.8;0.8648648649;;;;;;;;;;;
5;32;33;8;4;64;0.8899082569;0.7632201715;0.8048780488;0.8918918919;;;;;;;;;;;
5;33;33;8;4;64;0.8899082569;0.7632201715;0.8048780488;0.8918918919;;;;;;;;;;;
5;34;33;8;4;64;0.8899082569;0.7632201715;0.8048780488;0.8918918919;;;;;;;;;;;
5;35;33;8;4;64;0.8899082569;0.7632201715;0.8048780488;0.8918918919;;;;;;;;;;;
5;36;33;8;4;64;0.8899082569;0.7632201715;0.8048780488;0.8918918919;;;;;;;;;;;
5;37;33;8;4;64;0.8899082569;0.7632201715;0.8048780488;0.8918918919;;;;;;;;;;;
5;38;33;8;4;64;0.8899082569;0.7632201715;0.8048780488;0.8918918919;;;;;;;;;;;
5;39;33;7;4;65;0.8990825688;0.7807270141;0.825;0.8918918919;;;;;;;;;;;
5;40;33;7;4;65;0.8990825688;0.7807270141;0.825;0.8918918919;;;;;;;;;;;
5;41;33;8;4;64;0.8899082569;0.7632201715;0.8048780488;0.8918918919;;;;;;;;;;;
5;42;33;8;4;64;0.8899082569;0.7632201715;0.8048780488;0.8918918919;;;;;;;;;;;
5;43;33;8;4;64;0.8899082569;0.7632201715;0.8048780488;0.8918918919;;;;;;;;;;;
5;44;33;8;4;64;0.8899082569;0.7632201715;0.8048780488;0.8918918919;;;;;;;;;;;
5;45;33;8;4;64;0.8899082569;0.7632201715;0.8048780488;0.8918918919;;;;;;;;;;;
5;46;33;8;4;64;0.8899082569;0.7632201715;0.8048780488;0.8918918919;;;;;;;;;;;
5;47;33;8;4;64;0.8899082569;0.7632201715;0.8048780488;0.8918918919;;;;;;;;;;;
5;48;33;8;4;64;0.8899082569;0.7632201715;0.8048780488;0.8918918919;;;;;;;;;;;
5;49;33;8;4;64;0.8899082569;0.7632201715;0.8048780488;0.8918918919;;;;;;;;;;;
5;50;33;8;4;64;0.8899082569;0.7632201715;0.8048780488;0.8918918919;;;;;;;;;;;
5;51;33;8;4;64;0.8899082569;0.7632201715;0.8048780488;0.8918918919;;;;;;;;;;;
5;52;33;8;4;64;0.8899082569;0.7632201715;0.8048780488;0.8918918919;;;;;;;;;;;
5;53;33;8;4;64;0.8899082569;0.7632201715;0.8048780488;0.8918918919;;;;;;;;;;;
5;54;33;8;4;64;0.8899082569;0.7632201715;0.8048780488;0.8918918919;;;;;;;;;;;
5;55;33;8;4;64;0.8899082569;0.7632201715;0.8048780488;0.8918918919;;;;;;;;;;;
5;56;34;8;3;64;0.8990825688;0.7859829229;0.8095238095;0.9189189189;;;;;;;;;;;
5;57;34;8;3;64;0.8990825688;0.7859829229;0.8095238095;0.9189189189;;;;;;;;;;;
5;58;34;8;3;64;0.8990825688;0.7859829229;0.8095238095;0.9189189189;;;;;;;;;;;
5;59;34;7;3;65;0.9082568807;0.8032158439;0.8292682927;0.9189189189;;;;;;;;;;;
5;60;34;7;3;65;0.9082568807;0.8032158439;0.8292682927;0.9189189189;;;;;;;;;;;
5;61;34;7;3;65;0.9082568807;0.8032158439;0.8292682927;0.9189189189;;;;;;;;;;;
5;62;34;7;3;65;0.9082568807;0.8032158439;0.8292682927;0.9189189189;;;;;;;;;;;
5;63;34;7;3;65;0.9082568807;0.8032158439;0.8292682927;0.9189189189;;;;;;;;;;;
5;64;33;7;4;65;0.8990825688;0.7807270141;0.825;0.8918918919;;;;;;;;;;;
5;65;33;7;4;65;0.8990825688;0.7807270141;0.825;0.8918918919;;;;;;;;;;;
5;66;33;7;4;65;0.8990825688;0.7807270141;0.825;0.8918918919;;;;;;;;;;;
5;67;33;6;4;66;0.9082568807;0.7987249764;0.8461538462;0.8918918919;;;;;;;;;;;
5;68;33;6;4;66;0.9082568807;0.7987249764;0.8461538462;0.8918918919;;;;;;;;;;;
5;69;33;6;4;66;0.9082568807;0.7987249764;0.8461538462;0.8918918919;;;;;;;;;;;
5;70;33;6;4;66;0.9082568807;0.7987249764;0.8461538462;0.8918918919;;;;;;;;;;;
5;71;33;6;4;66;0.9082568807;0.7987249764;0.8461538462;0.8918918919;;;;;;;;;;;
5;72;33;6;4;66;0.9082568807;0.7987249764;0.8461538462;0.8918918919;;;;;;;;;;;
5;73;33;6;4;66;0.9082568807;0.7987249764;0.8461538462;0.8918918919;;;;;;;;;;;
5;74;33;6;4;66;0.9082568807;0.7987249764;0.8461538462;0.8918918919;;;;;;;;;;;
5;75;33;6;4;66;0.9082568807;0.7987249764;0.8461538462;0.8918918919;;;;;;;;;;;
5;76;33;6;4;66;0.9082568807;0.7987249764;0.8461538462;0.8918918919;;;;;;;;;;;
5;77;33;6;4;66;0.9082568807;0.7987249764;0.8461538462;0.8918918919;;;;;;;;;;;
5;78;33;6;4;66;0.9082568807;0.7987249764;0.8461538462;0.8918918919;;;;;;;;;;;
5;79;33;6;4;66;0.9082568807;0.7987249764;0.8461538462;0.8918918919;;;;;;;;;;;
5;80;33;6;4;66;0.9082568807;0.7987249764;0.8461538462;0.8918918919;;;;;;;;;;;
5;81;33;6;4;66;0.9082568807;0.7987249764;0.8461538462;0.8918918919;;;;;;;;;;;
5;82;33;6;4;66;0.9082568807;0.7987249764;0.8461538462;0.8918918919;;;;;;;;;;;
5;83;33;6;4;66;0.9082568807;0.7987249764;0.8461538462;0.8918918919;;;;;;;;;;;
5;84;33;6;4;66;0.9082568807;0.7987249764;0.8461538462;0.8918918919;;;;;;;;;;;
5;85;33;6;4;66;0.9082568807;0.7987249764;0.8461538462;0.8918918919;;;;;;;;;;;
5;86;33;6;4;66;0.9082568807;0.7987249764;0.8461538462;0.8918918919;;;;;;;;;;;
5;87;33;6;4;66;0.9082568807;0.7987249764;0.8461538462;0.8918918919;;;;;;;;;;;
5;88;33;6;4;66;0.9082568807;0.7987249764;0.8461538462;0.8918918919;;;;;;;;;;;
5;89;33;6;4;66;0.9082568807;0.7987249764;0.8461538462;0.8918918919;;;;;;;;;;;
5;90;33;6;4;66;0.9082568807;0.7987249764;0.8461538462;0.8918918919;;;;;;;;;;;
5;91;33;6;4;66;0.9082568807;0.7987249764;0.8461538462;0.8918918919;;;;;;;;;;;
5;92;34;6;3;66;0.9174311927;0.8209250512;0.85;0.9189189189;;;;;;;;;;;
5;93;34;6;3;66;0.9174311927;0.8209250512;0.85;0.9189189189;;;;;;;;;;;
5;94;34;6;3;66;0.9174311927;0.8209250512;0.85;0.9189189189;;;;;;;;;;;
5;95;34;6;3;66;0.9174311927;0.8209250512;0.85;0.9189189189;;;;;;;;;;;
5;96;34;6;3;66;0.9174311927;0.8209250512;0.85;0.9189189189;;;;;;;;;;;
5;97;34;6;3;66;0.9174311927;0.8209250512;0.85;0.9189189189;;;;;;;;;;;
5;98;34;6;3;66;0.9174311927;0.8209250512;0.85;0.9189189189;;;;;;;;;;;
